artist_id,artist_name,track_title,album_title,track_type,release_year,genre,genre_id
12246,Taylor Swift,The Fate of Ophelia,The Life of a Showgirl,solo,2025,Pop,132
12246,Taylor Swift,Opalite,The Life of a Showgirl,solo,2025,Pop,132
12246,Taylor Swift,Elizabeth Taylor,Elizabeth Taylor,solo,2026,Pop,132
12246,Taylor Swift,Shake It Off,1989,solo,2014,Pop,132
12246,Taylor Swift,Eldest Daughter,The Life of a Showgirl,solo,2025,Pop,132
12246,Taylor Swift,Cruel Summer,Lover,solo,2019,Pop,132
12246,Taylor Swift,Anti-Hero,Midnights,solo,2022,Pop,132
12246,Taylor Swift,cardigan,folklore,solo,2020,Alternative,85
12246,Taylor Swift,Blank Space,1989,solo,2014,Pop,132
12246,Taylor Swift,Don’t Blame Me,reputation,solo,2017,Pop,132
12246,Taylor Swift,I Don’t Wanna Live Forever (Fifty Shades Darker),reputation Stadium Tour Surprise Song Playlist,collab,2018,Pop,132
12246,Taylor Swift,Love Story,Fearless (International Version),solo,2009,Unknown,Unknown
12246,Taylor Swift,Look What You Made Me Do,reputation,solo,2017,Pop,132
12246,Taylor Swift,Wildest Dreams,1989,solo,2014,Pop,132
12246,Taylor Swift,Style,1989 (Deluxe),solo,2014,Pop,132
12246,Taylor Swift,Opalite (Ely Oaks Remix),Opalite (Ely Oaks Remix),collab,2026,Pop,132
12246,Taylor Swift,I Knew You Were Trouble (Taylor's Version),Red (Taylor's Version),solo,2021,Pop,132
12246,Taylor Swift,...Ready For It?,reputation,solo,2017,Pop,132
12246,Taylor Swift,You Belong With Me (Taylor’s Version),Fearless (Taylor's Version),solo,2021,Unknown,Unknown
12246,Taylor Swift,The Life of a Showgirl,The Life of a Showgirl,collab,2025,Pop,132
12246,Taylor Swift,Lavender Haze,Midnights,solo,2022,Pop,132
12246,Taylor Swift,Fortnight,THE TORTURED POETS DEPARTMENT: THE ANTHOLOGY,collab,2024,Pop,132
12246,Taylor Swift,Lover (Remix),Lover (Remix),collab,2019,Pop,132
12246,Taylor Swift,Father Figure,The Life of a Showgirl,solo,2025,Pop,132
12246,Taylor Swift,We Are Never Ever Getting Back Together,Red (Deluxe Edition),solo,2013,Unknown,Unknown
12246,Taylor Swift,The Man,Lover,solo,2019,Pop,132
12246,Taylor Swift,august,folklore,solo,2020,Alternative,85
12246,Taylor Swift,All Too Well (10 Minute Version) (Taylor's Version) (From The Vault),Red (Taylor's Version),solo,2021,Pop,132
12246,Taylor Swift,Delicate,reputation,solo,2017,Pop,132
12246,Taylor Swift,Dress,reputation,solo,2017,Pop,132
12246,Taylor Swift,CANCELLED!,The Life of a Showgirl,solo,2025,Pop,132
12246,Taylor Swift,Daylight,Lover,solo,2019,Pop,132
12246,Taylor Swift,my tears ricochet,folklore (deluxe version),solo,2020,Alternative,85
12246,Taylor Swift,Actually Romantic,The Life of a Showgirl,solo,2025,Pop,132
12246,Taylor Swift,Wood,The Life of a Showgirl,solo,2025,Pop,132
12246,Taylor Swift,Love Story (Taylor’s Version),Fearless (Taylor's Version),solo,2021,Unknown,Unknown
12246,Taylor Swift,Ruin The Friendship,The Life of a Showgirl,solo,2025,Pop,132
12246,Taylor Swift,Wi$h Li$t,The Life of a Showgirl,solo,2025,Pop,132
12246,Taylor Swift,Anti-Hero (Acoustic Version),Anti-Hero (Acoustic Version),solo,2022,Pop,132
12246,Taylor Swift,I Did Something Bad,reputation,solo,2017,Pop,132
12246,Taylor Swift,You Need To Calm Down,Lover,solo,2019,Pop,132
12246,Taylor Swift,Out Of The Woods (Taylor's Version),1989 (Taylor's Version),solo,2023,Pop,132
12246,Taylor Swift,loml,THE TORTURED POETS DEPARTMENT,solo,2024,Pop,132
12246,Taylor Swift,The Fate of Ophelia (Loud Luxury Remix),The Fate of Ophelia (Loud Luxury Remix),collab,2025,Pop,132
12246,Taylor Swift,Enchanted (Taylor's Version),Speak Now (Taylor's Version),solo,2023,Unknown,Unknown
12246,Taylor Swift,I Can Do It With a Broken Heart,THE TORTURED POETS DEPARTMENT,solo,2024,Pop,132
12246,Taylor Swift,Bad Blood,1989,solo,2014,Pop,132
12246,Taylor Swift,exile,folklore (deluxe version),collab,2020,Alternative,85
12246,Taylor Swift,Getaway Car,reputation,solo,2017,Pop,132
12246,Taylor Swift,Style (Taylor's Version),1989 (Taylor's Version) (Deluxe),solo,2023,Pop,132
246791,Drake,One Dance,Views,collab,2016,Rap/Hip Hop,116
246791,Drake,God's Plan,Scorpion,solo,2018,Rap/Hip Hop,116
246791,Drake,Hotline Bling,Views,solo,2016,Rap/Hip Hop,116
246791,Drake,Passionfruit,More Life,solo,2017,Rap/Hip Hop,116
246791,Drake,Don’t Matter To Me,Scorpion,collab,2018,Rap/Hip Hop,116
246791,Drake,NOKIA,$ome $exy $ongs 4 U,solo,2025,R&B,165
246791,Drake,Rich Baby Daddy,For All The Dogs,collab,2023,Rap/Hip Hop,116
246791,Drake,Headlines (Explicit Version),Take Care (Deluxe),solo,2012,Rap/Hip Hop,116
246791,Drake,"Hold On, We're Going Home (Album Version)",Nothing Was The Same (Deluxe),collab,2013,Rap/Hip Hop,116
246791,Drake,She Will,Tha Carter IV (Complete Edition),collab,2021,Rap/Hip Hop,116
246791,Drake,Yebba’s Heartbreak,Certified Lover Boy,collab,2021,Rap/Hip Hop,116
246791,Drake,Which One,Which One,collab,2025,Rap/Hip Hop,116
246791,Drake,Massive,"Honestly, Nevermind",solo,2022,Dance,113
246791,Drake,Fair Trade,Certified Lover Boy,collab,2021,Rap/Hip Hop,116
246791,Drake,Girls Need Love (Remix),Last Day Of Summer,collab,2019,R&B,165
246791,Drake,Toosie Slide,Toosie Slide,solo,2020,Rap/Hip Hop,116
246791,Drake,Laugh Now Cry Later,Laugh Now Cry Later,collab,2020,Rap/Hip Hop,116
246791,Drake,Forever (Album Version Explicit),Relapse: Refill,collab,2009,Rap/Hip Hop,116
246791,Drake,Not You Too,Dark Lane Demo Tapes,collab,2020,Rap/Hip Hop,116
246791,Drake,DIE TRYING,$ome $exy $ongs 4 U,collab,2025,R&B,165
246791,Drake,What Did I Miss?,What Did I Miss?,solo,2025,Rap/Hip Hop,116
246791,Drake,Trust Issues,Care Package,solo,2019,Rap/Hip Hop,116
246791,Drake,Nonstop,Scorpion,solo,2018,Rap/Hip Hop,116
246791,Drake,Nice For What,Scorpion,solo,2018,Rap/Hip Hop,116
246791,Drake,WAIT FOR U (feat. Drake & Tems),I NEVER LIKED YOU,collab,2022,Rap/Hip Hop,116
246791,Drake,Teenage Fever,More Life,solo,2017,Rap/Hip Hop,116
246791,Drake,In My Feelings,Scorpion,solo,2018,Rap/Hip Hop,116
246791,Drake,9,Views,solo,2016,Rap/Hip Hop,116
246791,Drake,Jimmy Cooks,"Honestly, Nevermind",collab,2022,Dance,113
246791,Drake,Money In The Grave,The Best In The World Pack,collab,2019,Rap/Hip Hop,116
246791,Drake,Take Care,Take Care (Deluxe),collab,2012,Rap/Hip Hop,116
246791,Drake,Get It Together,More Life,collab,2017,Rap/Hip Hop,116
246791,Drake,Marvins Room,Take Care (Deluxe),solo,2012,Rap/Hip Hop,116
246791,Drake,Girls Want Girls,Certified Lover Boy,collab,2021,Rap/Hip Hop,116
246791,Drake,GREECE (feat. Drake),GREECE (feat. Drake),collab,2020,Rap/Hip Hop,116
246791,Drake,Flight's Booked,"Honestly, Nevermind",solo,2022,Dance,113
246791,Drake,Chicago Freestyle,Dark Lane Demo Tapes,collab,2020,Rap/Hip Hop,116
246791,Drake,You Broke My Heart,For All The Dogs Scary Hours Edition,solo,2023,Rap/Hip Hop,116
246791,Drake,IDGAF,For All The Dogs,collab,2023,Rap/Hip Hop,116
246791,Drake,POPSTAR (feat. Drake),POPSTAR (feat. Drake),collab,2020,Rap/Hip Hop,116
246791,Drake,Yes Indeed,Harder Than Ever,collab,2018,Rap/Hip Hop,116
246791,Drake,Fancy,Thank Me Later (Int'l Version),collab,2010,Rap/Hip Hop,116
246791,Drake,Way 2 Sexy,Certified Lover Boy,collab,2021,Rap/Hip Hop,116
246791,Drake,Never Recover,Drip Harder,collab,2018,Rap/Hip Hop,116
246791,Drake,Too Good,Views,collab,2016,Rap/Hip Hop,116
246791,Drake,Jumpman,What A Time To Be Alive,collab,2015,Rap/Hip Hop,116
246791,Drake,Rich Flex,Her Loss,collab,2022,Rap/Hip Hop,116
246791,Drake,Shut It Down,Thank Me Later,collab,2010,Rap/Hip Hop,116
246791,Drake,SOMEBODY LOVES ME,$ome $exy $ongs 4 U,collab,2025,R&B,165
246791,Drake,Circadian Rhythm,100 GIGS,solo,2024,Rap/Hip Hop,116
7188840,Morgan Wallen,What I Want,I’m The Problem,collab,2025,Unknown,Unknown
7188840,Morgan Wallen,Just In Case,Just In Case,solo,2025,Unknown,Unknown
7188840,Morgan Wallen,Last Night,One Thing At A Time,solo,2023,Unknown,Unknown
7188840,Morgan Wallen,Love Somebody,Love Somebody,solo,2024,Unknown,Unknown
7188840,Morgan Wallen,I Got Better,I’m The Problem,solo,2025,Unknown,Unknown
7188840,Morgan Wallen,I'm The Problem,I'm The Problem,solo,2025,Unknown,Unknown
7188840,Morgan Wallen,Wasted On You,Dangerous: The Double Album (Bonus),solo,2021,Unknown,Unknown
7188840,Morgan Wallen,Smile,Smile,solo,2024,Unknown,Unknown
7188840,Morgan Wallen,7 Summers,7 Summers,solo,2020,Unknown,Unknown
7188840,Morgan Wallen,I Ain't Comin' Back,I Ain't Comin' Back,collab,2025,Unknown,Unknown
7188840,Morgan Wallen,Whiskey Glasses,If I Know Me,solo,2018,Unknown,Unknown
7188840,Morgan Wallen,McArthur,McArthur,collab,2026,Unknown,Unknown
7188840,Morgan Wallen,More Than My Hometown,More Than My Hometown,solo,2020,Unknown,Unknown
7188840,Morgan Wallen,Broadway Girls (feat. Morgan Wallen),Broadway Girls (feat. Morgan Wallen),collab,2021,Rap/Hip Hop,116
7188840,Morgan Wallen,Spin You Around (1/24),Spin You Around (1/24),solo,2024,Unknown,Unknown
7188840,Morgan Wallen,Lies Lies Lies,I’m The Problem,solo,2025,Unknown,Unknown
7188840,Morgan Wallen,Don't We,I’m The Problem,solo,2025,Unknown,Unknown
7188840,Morgan Wallen,20 Cigarettes,I’m The Problem,solo,2025,Unknown,Unknown
7188840,Morgan Wallen,This Bar,Dangerous: The Double Album,solo,2021,Unknown,Unknown
7188840,Morgan Wallen,Sand In My Boots,Dangerous: The Double Album,solo,2021,Unknown,Unknown
7188840,Morgan Wallen,Cowgirls,One Thing At A Time,collab,2023,Unknown,Unknown
7188840,Morgan Wallen,TN,I’m The Problem,solo,2025,Unknown,Unknown
7188840,Morgan Wallen,Heartless (feat. Morgan Wallen),Heartless (feat. Morgan Wallen),collab,2019,Electro,106
7188840,Morgan Wallen,Graveyard Whistling,Graveyard Whistling,solo,2025,Unknown,Unknown
7188840,Morgan Wallen,Kiss Her In Front Of You,I’m The Problem,solo,2025,Unknown,Unknown
7188840,Morgan Wallen,If You Were Mine,I’m The Problem,solo,2025,Unknown,Unknown
7188840,Morgan Wallen,Livin’ The Dream,Dangerous: The Double Album,solo,2021,Unknown,Unknown
7188840,Morgan Wallen,"Skoal, Chevy, and Browning",I’m The Problem,solo,2025,Unknown,Unknown
7188840,Morgan Wallen,Dangerous,Dangerous: The Double Album,solo,2021,Unknown,Unknown
7188840,Morgan Wallen,Eyes Are Closed,I’m The Problem,solo,2025,Unknown,Unknown
7188840,Morgan Wallen,865,Dangerous: The Double Album,solo,2021,Unknown,Unknown
7188840,Morgan Wallen,Somebody’s Problem,Dangerous: The Double Album (Bonus),solo,2021,Unknown,Unknown
7188840,Morgan Wallen,Silverado For Sale,Dangerous: The Double Album,solo,2021,Unknown,Unknown
7188840,Morgan Wallen,Heartless (Wallen Album Mix),Dangerous: The Double Album,solo,2021,Unknown,Unknown
7188840,Morgan Wallen,Kick Myself,I’m The Problem,solo,2025,Unknown,Unknown
7188840,Morgan Wallen,Warning,Dangerous: The Double Album,solo,2021,Unknown,Unknown
7188840,Morgan Wallen,Me On Whiskey,Dangerous: The Double Album,solo,2021,Unknown,Unknown
7188840,Morgan Wallen,Chasin' You,If I Know Me,solo,2018,Unknown,Unknown
525046,Kendrick Lamar,Not Like Us,Not Like Us,solo,2024,Rap/Hip Hop,116
525046,Kendrick Lamar,"All The Stars (From ""Black Panther: The Album"")",All The Stars,collab,2018,Rap/Hip Hop,116
525046,Kendrick Lamar,Swimming Pools (Drank),Swimming Pools (Drank),solo,2012,Rap/Hip Hop,116
525046,Kendrick Lamar,Money Trees,"good kid, m.A.A.d city (Deluxe)",collab,2013,Rap/Hip Hop,116
525046,Kendrick Lamar,luther,GNX,collab,2024,Rap/Hip Hop,116
525046,Kendrick Lamar,tv off,GNX,collab,2024,Rap/Hip Hop,116
525046,Kendrick Lamar,PRIDE.,DAMN.,solo,2017,Rap/Hip Hop,116
525046,Kendrick Lamar,HUMBLE.,DAMN.,solo,2017,Rap/Hip Hop,116
525046,Kendrick Lamar,Pray For Me,Pray For Me,collab,2018,Rap/Hip Hop,116
525046,Kendrick Lamar,Like That,WE DON'T TRUST YOU,collab,2024,Rap/Hip Hop,116
525046,Kendrick Lamar,squabble up,GNX,solo,2024,Rap/Hip Hop,116
525046,Kendrick Lamar,United In Grief,Mr. Morale & The Big Steppers,solo,2022,Rap/Hip Hop,116
525046,Kendrick Lamar,DNA.,DAMN.,solo,2017,Rap/Hip Hop,116
525046,Kendrick Lamar,"Bitch, Don’t Kill My Vibe","good kid, m.A.A.d city (Deluxe)",solo,2013,Rap/Hip Hop,116
525046,Kendrick Lamar,LOVE.,DAMN.,collab,2017,Rap/Hip Hop,116
525046,Kendrick Lamar,family ties,family ties,collab,2021,Rap/Hip Hop,116
525046,Kendrick Lamar,Alright,To Pimp A Butterfly,solo,2015,Rap/Hip Hop,116
525046,Kendrick Lamar,Good Flirts (feat. Kendrick Lamar & Momo Boyd),Ca$ino,collab,2026,Rap/Hip Hop,116
525046,Kendrick Lamar,Swimming Pools (Drank) (Extended Version),"good kid, m.A.A.d city (Deluxe)",solo,2013,Rap/Hip Hop,116
525046,Kendrick Lamar,peekaboo,GNX,collab,2024,Rap/Hip Hop,116
525046,Kendrick Lamar,LOYALTY.,DAMN.,collab,2017,Rap/Hip Hop,116
525046,Kendrick Lamar,N95,Mr. Morale & The Big Steppers,solo,2022,Rap/Hip Hop,116
525046,Kendrick Lamar,Count Me Out,Mr. Morale & The Big Steppers,solo,2022,Rap/Hip Hop,116
525046,Kendrick Lamar,King Kunta,To Pimp A Butterfly,solo,2015,Rap/Hip Hop,116
525046,Kendrick Lamar,m.A.A.d city,"good kid, m.A.A.d city (Deluxe)",collab,2013,Rap/Hip Hop,116
525046,Kendrick Lamar,euphoria,euphoria,solo,2024,Rap/Hip Hop,116
525046,Kendrick Lamar,Die Hard,Mr. Morale & The Big Steppers,collab,2022,Rap/Hip Hop,116
525046,Kendrick Lamar,heart pt. 6,GNX,solo,2024,Rap/Hip Hop,116
525046,Kendrick Lamar,The Recipe (Bonus Track),"good kid, m.A.A.d city (Deluxe)",collab,2013,Rap/Hip Hop,116
525046,Kendrick Lamar,gloria,GNX,collab,2024,Rap/Hip Hop,116
525046,Kendrick Lamar,Rich Spirit,Mr. Morale & The Big Steppers,solo,2022,Rap/Hip Hop,116
525046,Kendrick Lamar,A.D.H.D,Section.80,solo,2011,Rap/Hip Hop,116
525046,Kendrick Lamar,i,i,solo,2014,Rap/Hip Hop,116
525046,Kendrick Lamar,reincarnated,GNX,solo,2024,Rap/Hip Hop,116
525046,Kendrick Lamar,King's Dead,Black Panther The Album Music From And Inspired By,collab,2018,Rap/Hip Hop,116
525046,Kendrick Lamar,meet the grahams,meet the grahams,solo,2024,Rap/Hip Hop,116
525046,Kendrick Lamar,"Sing About Me, I'm Dying Of Thirst","good kid, m.A.A.d city (Deluxe)",solo,2013,Rap/Hip Hop,116
525046,Kendrick Lamar,Father Time,Mr. Morale & The Big Steppers,collab,2022,Rap/Hip Hop,116
525046,Kendrick Lamar,dodger blue,GNX,collab,2024,Rap/Hip Hop,116
525046,Kendrick Lamar,ELEMENT.,DAMN.,solo,2017,Rap/Hip Hop,116
525046,Kendrick Lamar,AMERICA HAS A PROBLEM,AMERICA HAS A PROBLEM (feat. Kendrick Lamar),collab,2023,Pop,132
525046,Kendrick Lamar,hey now,GNX,collab,2024,Rap/Hip Hop,116
525046,Kendrick Lamar,wacced out murals,GNX,solo,2024,Rap/Hip Hop,116
525046,Kendrick Lamar,Wesley's Theory,To Pimp A Butterfly,collab,2015,Rap/Hip Hop,116
525046,Kendrick Lamar,DUCKWORTH.,DAMN.,solo,2017,Rap/Hip Hop,116
525046,Kendrick Lamar,Backseat Freestyle,"good kid, m.A.A.d city (Deluxe)",solo,2013,Rap/Hip Hop,116
525046,Kendrick Lamar,Poetic Justice,"good kid, m.A.A.d city (Deluxe)",collab,2013,Rap/Hip Hop,116
525046,Kendrick Lamar,man at the garden,GNX,solo,2024,Rap/Hip Hop,116
525046,Kendrick Lamar,Silent Hill,Mr. Morale & The Big Steppers,collab,2022,Rap/Hip Hop,116
525046,Kendrick Lamar,"1Train (feat. Kendrick Lamar, Joey Bada$$, Yelawolf, Danny Brown, Action Bronson & Big K.R.I.T.)",LONG.LIVE.A$AP (Deluxe Version),collab,2013,Rap/Hip Hop,116
4050205,The Weeknd,Blinding Lights,After Hours,solo,2020,R&B,165
4050205,The Weeknd,Save Your Tears,After Hours,solo,2020,R&B,165
4050205,The Weeknd,LA FAMA,MOTOMAMI,collab,2022,Pop,132
4050205,The Weeknd,Timeless,Hurry Up Tomorrow,collab,2025,R&B,165
4050205,The Weeknd,Starboy,Starboy,collab,2016,R&B,165
4050205,The Weeknd,I Feel It Coming,Starboy,collab,2016,R&B,165
4050205,The Weeknd,São Paulo,Hurry Up Tomorrow,collab,2025,R&B,165
4050205,The Weeknd,Save Your Tears (Remix),Save Your Tears (Remix),collab,2021,R&B,165
4050205,The Weeknd,One Of The Girls,The Idol Episode 4 (Music from the HBO Original Series),collab,2023,Films/Games,173
4050205,The Weeknd,Moth To A Flame,Paradise Again,collab,2022,Dance,113
4050205,The Weeknd,Call Out My Name,"My Dear Melancholy,",solo,2018,R&B,165
4050205,The Weeknd,The Hills,Beauty Behind The Madness,solo,2015,R&B,165
4050205,The Weeknd,Die For You,Starboy,solo,2016,R&B,165
4050205,The Weeknd,Love Me Harder,My Everything,collab,2014,Pop,132
4050205,The Weeknd,Cry For Me,Hurry Up Tomorrow,solo,2025,R&B,165
4050205,The Weeknd,Creepin',HEROES & VILLAINS,collab,2022,Rap/Hip Hop,116
4050205,The Weeknd,Popular (From The Idol Vol. 1 Music from the HBO Original Series),Popular (Music from the HBO Original Series),collab,2023,Films/Games,173
4050205,The Weeknd,Can't Feel My Face,The Highlights,solo,2021,R&B,165
4050205,The Weeknd,Lost in the Fire,Hyperion,collab,2019,Electro,106
4050205,The Weeknd,Dancing In The Flames,Dancing In The Flames,solo,2024,R&B,165
4050205,The Weeknd,The Abyss,Hurry Up Tomorrow,collab,2025,R&B,165
4050205,The Weeknd,After Hours,After Hours,solo,2020,R&B,165
4050205,The Weeknd,House Of Balloons / Glass Table Girls,House Of Balloons (Original),solo,2021,R&B,165
4050205,The Weeknd,In Your Eyes,After Hours,solo,2020,R&B,165
4050205,The Weeknd,Often,Beauty Behind The Madness,solo,2015,R&B,165
4050205,The Weeknd,Pray For Me,Pray For Me,collab,2018,Rap/Hip Hop,116
4050205,The Weeknd,I Was Never There,"My Dear Melancholy,",collab,2019,R&B,165
4050205,The Weeknd,Open Hearts,Hurry Up Tomorrow,solo,2025,R&B,165
4050205,The Weeknd,Sacrifice,Dawn FM,solo,2022,R&B,165
4050205,The Weeknd,We Still Don't Trust You,WE STILL DON'T TRUST YOU,collab,2024,Rap/Hip Hop,116
4050205,The Weeknd,Earned It (Fifty Shades Of Grey),The Highlights,solo,2021,R&B,165
4050205,The Weeknd,Stargirl Interlude,Starboy,collab,2016,R&B,165
4050205,The Weeknd,Heartless,After Hours,solo,2020,R&B,165
4050205,The Weeknd,Baptized In Fear,Hurry Up Tomorrow,solo,2025,R&B,165
4050205,The Weeknd,Reminder,Starboy,solo,2016,R&B,165
4050205,The Weeknd,Take My Breath (Single Version),Take My Breath,solo,2021,R&B,165
4050205,The Weeknd,Party Monster,Starboy,solo,2016,R&B,165
4050205,The Weeknd,Wake Me Up,Hurry Up Tomorrow,collab,2025,R&B,165
4050205,The Weeknd,RATHER LIE,MUSIC,collab,2025,Rap/Hip Hop,116
4050205,The Weeknd,Is There Someone Else?,Dawn FM,solo,2022,R&B,165
4050205,The Weeknd,Wicked Games,Trilogy,solo,2012,R&B,165
4050205,The Weeknd,The Party & The After Party,House Of Balloons (Original),solo,2021,R&B,165
4050205,The Weeknd,Fill The Void,The Idol Episode 4 (Music from the HBO Original Series),collab,2023,Films/Games,173
4050205,The Weeknd,Reflections Laughing,Hurry Up Tomorrow,collab,2025,R&B,165
4050205,The Weeknd,Less Than Zero,Dawn FM,solo,2022,R&B,165
4050205,The Weeknd,Die For You (Remix),Die For You (Remix),collab,2023,R&B,165
4050205,The Weeknd,Out of Time,Dawn FM,solo,2022,R&B,165
4050205,The Weeknd,Coming Down,Trilogy,solo,2012,R&B,165
4050205,The Weeknd,Faith,After Hours,solo,2020,R&B,165
4050205,The Weeknd,In The Night,Beauty Behind The Madness,solo,2015,R&B,165
5531258,SZA,"All The Stars (From ""Black Panther: The Album"")",All The Stars,collab,2018,Rap/Hip Hop,116
5531258,SZA,Snooze,SOS,solo,2022,R&B,165
5531258,SZA,Kiss Me More (feat. SZA),Planet Her,collab,2021,Pop,132
5531258,SZA,luther,GNX,collab,2024,Rap/Hip Hop,116
5531258,SZA,Kill Bill,SOS,solo,2022,R&B,165
5531258,SZA,TELEKINESIS (feat. SZA & Future),UTOPIA,collab,2023,Rap/Hip Hop,116
5531258,SZA,Saturn,Saturn,solo,2024,R&B,165
5531258,SZA,Good Days,SOS,solo,2022,R&B,165
5531258,SZA,Snooze (Acoustic) (feat. Justin Bieber),Snooze (Acoustic) (feat. Justin Bieber),collab,2023,R&B,165
5531258,SZA,Open Arms (feat. Travis Scott),SOS,collab,2022,R&B,165
5531258,SZA,Kill Bill (Acoustic),Kill Bill (Acoustic),solo,2025,R&B,165
5531258,SZA,30 For 30 (with Kendrick Lamar),SOS Deluxe: LANA,collab,2024,R&B,165
5531258,SZA,Nobody Gets Me,SOS,solo,2022,R&B,165
5531258,SZA,"girl, get up.","girl, get up.",collab,2025,Rap/Hip Hop,116
5531258,SZA,fue mejor,fue mejor,collab,2021,R&B,165
5531258,SZA,Love Galore (Alt Version),Ctrl (Deluxe),solo,2022,R&B,165
5531258,SZA,Low,SOS,solo,2022,R&B,165
5531258,SZA,"Save The Day (From ""Hoppers"")","Save The Day (From ""Hoppers"")",solo,2026,Films/Games,173
5531258,SZA,gloria,GNX,collab,2024,Rap/Hip Hop,116
5531258,SZA,Blind,SOS,solo,2022,R&B,165
5531258,SZA,Power is Power,Power is Power,collab,2019,Pop,132
5531258,SZA,Used (feat. Don Toliver),SOS,collab,2022,R&B,165
5531258,SZA,The Weekend (Funk Wav Remix),The Weekend (Funk Wav Remix),collab,2017,Electro,106
5531258,SZA,The Weekend,Ctrl,solo,2017,R&B,165
5531258,SZA,No Love,Still Over It,collab,2021,R&B,165
5531258,SZA,BMF,SOS Deluxe: LANA,solo,2024,R&B,165
5531258,SZA,Drew Barrymore,Drew Barrymore,solo,2017,Alternative,85
5531258,SZA,Kill Bill (feat. Doja Cat),Kill Bill (feat. Doja Cat),collab,2023,R&B,165
5531258,SZA,Love Language,SOS,solo,2022,R&B,165
5531258,SZA,The Other Side (from Trolls World Tour),The Other Side (from Trolls World Tour),collab,2020,Kids,95
5531258,SZA,Shirt,Shirt,solo,2022,Pop,132
5531258,SZA,"Hit Different (feat. Ty Dolla $ign, The Neptunes & Pharrell Williams)","Hit Different (feat. Ty Dolla $ign, The Neptunes & Pharrell Williams)",collab,2020,R&B,165
5531258,SZA,Broken Clocks,Ctrl,solo,2017,R&B,165
5531258,SZA,Normal Girl,Ctrl (Deluxe),solo,2022,R&B,165
5531258,SZA,Never Lose Me (feat. SZA & Cardi B),"Fine Ho, Stay",collab,2024,Rap/Hip Hop,116
5531258,SZA,Doves In The Wind (feat. Kendrick Lamar),Ctrl,collab,2017,R&B,165
5531258,SZA,Awkward,Ctrl (Deluxe),solo,2022,R&B,165
5531258,SZA,Ghost in the Machine (feat. Phoebe Bridgers),SOS,collab,2022,R&B,165
5531258,SZA,Crybaby,SOS Deluxe: LANA,solo,2024,R&B,165
5531258,SZA,Special,SOS,solo,2022,R&B,165
5531258,SZA,Another Life,SOS Deluxe: LANA,solo,2024,R&B,165
5531258,SZA,Take Me Dancing (feat. SZA),Vie,collab,2025,Pop,132
5531258,SZA,F2F,SOS,solo,2022,R&B,165
5531258,SZA,I Hate U,SOS,solo,2022,R&B,165
5531258,SZA,Seek & Destroy,SOS,solo,2022,R&B,165
5531258,SZA,Garden (Say It Like Dat),Ctrl,solo,2017,R&B,165
5531258,SZA,Supermodel,Ctrl,solo,2017,R&B,165
5531258,SZA,Open Arms (just SZA),SOS Deluxe: LANA,solo,2025,R&B,165
5531258,SZA,Kitchen,SOS Deluxe: LANA,solo,2024,R&B,165
5531258,SZA,Pretty Little Birds (feat. Isaiah Rashad),Ctrl,collab,2017,R&B,165
71855892,Zach Bryan,I Remember Everything (feat. Kacey Musgraves),Zach Bryan,collab,2023,Unknown,Unknown
71855892,Zach Bryan,Plastic Cigarette,With Heaven On Top,solo,2026,Unknown,Unknown
71855892,Zach Bryan,Pink Skies,Pink Skies,solo,2024,Unknown,Unknown
71855892,Zach Bryan,Say Why,With Heaven On Top,solo,2026,Unknown,Unknown
71855892,Zach Bryan,Spotless (feat. The Lumineers),Zach Bryan,collab,2023,Unknown,Unknown
71855892,Zach Bryan,Something in the Orange (Z&E's Version),Something in the Orange,solo,2022,Unknown,Unknown
71855892,Zach Bryan,"Burn, Burn, Burn","Burn, Burn, Burn",solo,2022,Unknown,Unknown
71855892,Zach Bryan,Dawns (feat. Maggie Rogers),Dawns (feat. Maggie Rogers),collab,2023,Unknown,Unknown
71855892,Zach Bryan,East Side of Sorrow,Zach Bryan,solo,2023,Unknown,Unknown
71855892,Zach Bryan,Appetite,With Heaven On Top,solo,2026,Unknown,Unknown
71855892,Zach Bryan,Hey Driver (feat. The War and Treaty),Zach Bryan,collab,2023,Unknown,Unknown
71855892,Zach Bryan,Something in the Orange,Something in the Orange,solo,2022,Unknown,Unknown
71855892,Zach Bryan,Overtime,Zach Bryan,solo,2023,Unknown,Unknown
71855892,Zach Bryan,Smaller Acts,Zach Bryan,solo,2023,Unknown,Unknown
71855892,Zach Bryan,Tourniquet,Zach Bryan,solo,2023,Unknown,Unknown
71855892,Zach Bryan,Summertime's Close,Zach Bryan,solo,2023,Unknown,Unknown
71855892,Zach Bryan,Bowery (feat. Kings of Leon),Bowery (feat. Kings of Leon),collab,2025,Unknown,Unknown
71855892,Zach Bryan,Say Why (Acoustic),With Heaven On Top (Acoustic),solo,2026,Unknown,Unknown
71855892,Zach Bryan,Ticking,Zach Bryan,solo,2023,Unknown,Unknown
71855892,Zach Bryan,You Are My Sunshine,American Heartbreak,solo,2022,Unknown,Unknown
71855892,Zach Bryan,Bad News,With Heaven On Top,solo,2026,Unknown,Unknown
1194083,"Tyler, The Creator",See You Again (feat. Kali Uchis),Flower Boy,collab,2017,Rap/Hip Hop,116
1194083,"Tyler, The Creator",Like Him (feat. Lola Young),CHROMAKOPIA,collab,2024,Rap/Hip Hop,116
1194083,"Tyler, The Creator",Sugar On My Tongue,DON'T TAP THE GLASS,solo,2025,Rap/Hip Hop,116
1194083,"Tyler, The Creator",ARE WE STILL FRIENDS?,IGOR,solo,2019,Rap/Hip Hop,116
1194083,"Tyler, The Creator",She,Once Upon a Time in 2011,collab,2011,Rap/Hip Hop,116
1194083,"Tyler, The Creator",EARFQUAKE,IGOR,solo,2019,Rap/Hip Hop,116
1194083,"Tyler, The Creator","GONE, GONE / THANK YOU",IGOR,solo,2019,Rap/Hip Hop,116
1194083,"Tyler, The Creator",St. Chroma (feat. Daniel Caesar),CHROMAKOPIA,collab,2024,Rap/Hip Hop,116
1194083,"Tyler, The Creator","Sticky (feat. GloRilla, Sexyy Red & Lil Wayne)",CHROMAKOPIA,collab,2024,Rap/Hip Hop,116
1194083,"Tyler, The Creator",I'll Take Care of You (feat. Yebba),DON'T TAP THE GLASS,collab,2025,Rap/Hip Hop,116
1194083,"Tyler, The Creator",NEW MAGIC WAND,IGOR,solo,2019,Rap/Hip Hop,116
1194083,"Tyler, The Creator",I THINK,IGOR,solo,2019,Rap/Hip Hop,116
1194083,"Tyler, The Creator",Ring Ring Ring,DON'T TAP THE GLASS,solo,2025,Rap/Hip Hop,116
1194083,"Tyler, The Creator",BEST INTEREST,BEST INTEREST,solo,2020,Rap/Hip Hop,116
1194083,"Tyler, The Creator",IFHY (feat. Pharrell),Wolf + Instrumentals,collab,2013,Rap/Hip Hop,116
1194083,"Tyler, The Creator",Where This Flower Blooms (feat. Frank Ocean),Flower Boy,collab,2017,Rap/Hip Hop,116
1194083,"Tyler, The Creator","Darling, I (feat. Teezo Touchdown)",CHROMAKOPIA,collab,2024,Rap/Hip Hop,116
1194083,"Tyler, The Creator",RUNNING OUT OF TIME,IGOR,solo,2019,Rap/Hip Hop,116
1194083,"Tyler, The Creator",Balloon (feat. Doechii),CHROMAKOPIA,collab,2024,Rap/Hip Hop,116
1194083,"Tyler, The Creator",SWEET / I THOUGHT YOU WANTED TO DANCE (feat. Brent Faiyaz & Fana Hues),CALL ME IF YOU GET LOST,collab,2021,Rap/Hip Hop,116
1194083,"Tyler, The Creator",911 / Mr. Lonely (feat. Frank Ocean & Steve Lacy),Flower Boy,collab,2017,Rap/Hip Hop,116
1194083,"Tyler, The Creator","OPEN A WINDOW (feat. Tyler, The Creator)",WHO CARES?,collab,2022,Alternative,85
1194083,"Tyler, The Creator",IGOR'S THEME,IGOR,solo,2019,Rap/Hip Hop,116
1194083,"Tyler, The Creator",A BOY IS A GUN*,IGOR,solo,2019,Rap/Hip Hop,116
1194083,"Tyler, The Creator",Boredom (feat. Rex Orange County & Anna of the North),Flower Boy,collab,2017,Rap/Hip Hop,116
1194083,"Tyler, The Creator",Thought I Was Dead (feat. ScHoolboy Q & Santigold),CHROMAKOPIA,collab,2024,Rap/Hip Hop,116
1194083,"Tyler, The Creator",Glitter,Flower Boy,solo,2017,Rap/Hip Hop,116
1194083,"Tyler, The Creator",Don't You Worry Baby (feat. Madison McFerrin),DON'T TAP THE GLASS,collab,2025,Rap/Hip Hop,116
1194083,"Tyler, The Creator",Big Poe (feat. Sk8brd),DON'T TAP THE GLASS,collab,2025,Rap/Hip Hop,116
1194083,"Tyler, The Creator",Garden Shed (feat. Estelle),Flower Boy,collab,2017,Rap/Hip Hop,116
1194083,"Tyler, The Creator",Rah Tah Tah,CHROMAKOPIA +,solo,2024,Rap/Hip Hop,116
1194083,"Tyler, The Creator",SORRY NOT SORRY,CALL ME IF YOU GET LOST: The Estate Sale,solo,2023,Rap/Hip Hop,116
1194083,"Tyler, The Creator",PUPPET,IGOR,solo,2019,Rap/Hip Hop,116
1194083,"Tyler, The Creator",Who Dat Boy (feat. A$AP Rocky),Flower Boy,collab,2017,Rap/Hip Hop,116
1194083,"Tyler, The Creator",WUSYANAME (feat. Youngboy Never Broke Again & Ty Dolla $ign),CALL ME IF YOU GET LOST,collab,2021,Rap/Hip Hop,116
1194083,"Tyler, The Creator",Take Your Mask Off (feat. Daniel Caesar & LaToiya Williams),CHROMAKOPIA,collab,2024,Rap/Hip Hop,116
1194083,"Tyler, The Creator",Yonkers,Yonkers,solo,2011,Rap/Hip Hop,116
1194083,"Tyler, The Creator",DOGTOOTH,DOGTOOTH,solo,2023,Rap/Hip Hop,116
1194083,"Tyler, The Creator",P.O.V.,Let God Sort Em Out,collab,2025,Rap/Hip Hop,116
1194083,"Tyler, The Creator",Judge Judy,CHROMAKOPIA,solo,2024,Rap/Hip Hop,116
1194083,"Tyler, The Creator",Don't Tap That Glass / Tweakin',DON'T TAP THE GLASS,solo,2025,Rap/Hip Hop,116
1194083,"Tyler, The Creator",I DON'T LOVE YOU ANYMORE,IGOR,solo,2019,Rap/Hip Hop,116
1194083,"Tyler, The Creator",WHARF TALK (feat. A$AP Rocky),CALL ME IF YOU GET LOST: The Estate Sale,collab,2023,Rap/Hip Hop,116
1194083,"Tyler, The Creator",WHAT'S GOOD,IGOR,solo,2019,Rap/Hip Hop,116
1194083,"Tyler, The Creator","Come On, Let's Go",I Know NIGO!,collab,2022,Rap/Hip Hop,116
1194083,"Tyler, The Creator",Mommanem,DON'T TAP THE GLASS,solo,2025,Rap/Hip Hop,116
1194083,"Tyler, The Creator",Hey Jane,CHROMAKOPIA,solo,2024,Rap/Hip Hop,116
1194083,"Tyler, The Creator",Tomorrow,CHROMAKOPIA,solo,2024,Rap/Hip Hop,116
1194083,"Tyler, The Creator",I Hope You Find Your Way Home,CHROMAKOPIA,solo,2024,Rap/Hip Hop,116
1194083,"Tyler, The Creator",Foreword (feat. Rex Orange County),Flower Boy,collab,2017,Rap/Hip Hop,116
9635624,Billie Eilish,BIRDS OF A FEATHER,HIT ME HARD AND SOFT,solo,2024,Alternative,85
9635624,Billie Eilish,WILDFLOWER,HIT ME HARD AND SOFT,solo,2024,Alternative,85
9635624,Billie Eilish,CHIHIRO,HIT ME HARD AND SOFT,solo,2024,Alternative,85
9635624,Billie Eilish,"What Was I Made For? [From The Motion Picture ""Barbie""]","What Was I Made For? [From The Motion Picture ""Barbie""]",solo,2023,Alternative,85
9635624,Billie Eilish,bad guy,"WHEN WE ALL FALL ASLEEP, WHERE DO WE GO?",solo,2019,Alternative,85
9635624,Billie Eilish,when the party's over,"WHEN WE ALL FALL ASLEEP, WHERE DO WE GO?",solo,2019,Alternative,85
9635624,Billie Eilish,BLUE,HIT ME HARD AND SOFT,solo,2024,Alternative,85
9635624,Billie Eilish,LUNCH,HIT ME HARD AND SOFT,solo,2024,Alternative,85
9635624,Billie Eilish,Happier Than Ever,Happier Than Ever,solo,2021,Alternative,85
9635624,Billie Eilish,i love you,"WHEN WE ALL FALL ASLEEP, WHERE DO WE GO?",solo,2019,Alternative,85
9635624,Billie Eilish,everything i wanted,everything i wanted,solo,2019,Alternative,85
9635624,Billie Eilish,L’AMOUR DE MA VIE,HIT ME HARD AND SOFT,solo,2024,Alternative,85
9635624,Billie Eilish,THE GREATEST,HIT ME HARD AND SOFT,solo,2024,Alternative,85
9635624,Billie Eilish,ocean eyes,Ocean Eyes,solo,2016,Alternative,85
9635624,Billie Eilish,Guess featuring billie eilish,Brat and it’s completely different but also still brat,collab,2024,Dance,113
9635624,Billie Eilish,idontwannabeyouanymore,dont smile at me,solo,2017,Alternative,85
9635624,Billie Eilish,watch,dont smile at me,solo,2017,Alternative,85
9635624,Billie Eilish,SKINNY,HIT ME HARD AND SOFT,solo,2024,Alternative,85
9635624,Billie Eilish,TV,Guitar Songs,solo,2022,Alternative,85
9635624,Billie Eilish,BITTERSUITE,HIT ME HARD AND SOFT,solo,2024,Alternative,85
9635624,Billie Eilish,NDA,Happier Than Ever,solo,2021,Alternative,85
9635624,Billie Eilish,you should see me in a crown,"WHEN WE ALL FALL ASLEEP, WHERE DO WE GO?",solo,2019,Alternative,85
9635624,Billie Eilish,THE DINER,HIT ME HARD AND SOFT,solo,2024,Alternative,85
9635624,Billie Eilish,bury a friend,"WHEN WE ALL FALL ASLEEP, WHERE DO WE GO?",solo,2019,Alternative,85
9635624,Billie Eilish,bellyache,Bellyache,solo,2017,Alternative,85
9635624,Billie Eilish,Your Power,Happier Than Ever,solo,2021,Alternative,85
9635624,Billie Eilish,Halley's Comet,Happier Than Ever,solo,2021,Alternative,85
9635624,Billie Eilish,bad guy (with Justin Bieber),bad guy (with Justin Bieber),collab,2019,Alternative,85
9635624,Billie Eilish,ilomilo,"WHEN WE ALL FALL ASLEEP, WHERE DO WE GO?",solo,2019,Alternative,85
9635624,Billie Eilish,The 30th,Guitar Songs,solo,2022,Alternative,85
9635624,Billie Eilish,hostage,dont smile at me,solo,2017,Alternative,85
9635624,Billie Eilish,Billie Bossa Nova,Happier Than Ever,solo,2021,Alternative,85
9635624,Billie Eilish,all the good girls go to hell,"WHEN WE ALL FALL ASLEEP, WHERE DO WE GO?",solo,2019,Alternative,85
9635624,Billie Eilish,Six Feet Under,Six Feet Under,solo,2016,Alternative,85
9635624,Billie Eilish,xanny,"WHEN WE ALL FALL ASLEEP, WHERE DO WE GO?",solo,2019,Alternative,85
9635624,Billie Eilish,my strange addiction,"WHEN WE ALL FALL ASLEEP, WHERE DO WE GO?",solo,2019,Alternative,85
9635624,Billie Eilish,wish you were gay,"WHEN WE ALL FALL ASLEEP, WHERE DO WE GO?",solo,2019,Alternative,85
9635624,Billie Eilish,COPYCAT,dont smile at me,solo,2017,Alternative,85
9635624,Billie Eilish,Getting Older,Happier Than Ever,solo,2021,Alternative,85
9635624,Billie Eilish,hotline (edit),hotline (edit),solo,2023,Alternative,85
9635624,Billie Eilish,Lo Vas A Olvidar,Lo Vas A Olvidar,collab,2021,Pop,132
9635624,Billie Eilish,Therefore I Am,Happier Than Ever,solo,2021,Alternative,85
9635624,Billie Eilish,my boy,dont smile at me,solo,2017,Alternative,85
9635624,Billie Eilish,L’AMOUR DE MA VIE [OVER NOW EXTENDED EDIT],L’AMOUR DE MA VIE [OVER NOW EXTENDED EDIT],solo,2024,Alternative,85
9635624,Billie Eilish,Male Fantasy,Happier Than Ever,solo,2021,Alternative,85
9635624,Billie Eilish,Lost Cause,Happier Than Ever,solo,2021,Alternative,85
9635624,Billie Eilish,bitches broken hearts,bitches broken hearts,solo,2018,Alternative,85
9635624,Billie Eilish,Happier Than Ever (Edit),Happier Than Ever (Edit),solo,2021,Alternative,85
9635624,Billie Eilish,GOLDWING,Happier Than Ever,solo,2021,Alternative,85
9635624,Billie Eilish,Bored,Bored,solo,2017,Alternative,85
1562681,Ariana Grande,Save Your Tears (Remix),Save Your Tears (Remix),collab,2021,R&B,165
1562681,Ariana Grande,7 rings,"thank u, next",solo,2019,Pop,132
1562681,Ariana Grande,we can't be friends (wait for your love),eternal sunshine,solo,2024,Pop,132
1562681,Ariana Grande,Problem,My Everything,collab,2014,Pop,132
1562681,Ariana Grande,Love Me Harder,My Everything,collab,2014,Pop,132
1562681,Ariana Grande,Side To Side,Dangerous Woman,collab,2016,Pop,132
1562681,Ariana Grande,One Last Time,My Everything (Deluxe),solo,2014,Pop,132
1562681,Ariana Grande,"thank u, next","thank u, next",solo,2019,Pop,132
1562681,Ariana Grande,Dangerous Woman,Dangerous Woman,solo,2021,Pop,132
1562681,Ariana Grande,no tears left to cry,Sweetener,solo,2018,Pop,132
1562681,Ariana Grande,Into You,Dangerous Woman,solo,2021,Pop,132
1562681,Ariana Grande,twilight zone,eternal sunshine deluxe: brighter days ahead,solo,2025,Pop,132
1562681,Ariana Grande,Stuck with U,Stuck with U,collab,2020,Pop,132
1562681,Ariana Grande,Rain On Me,Chromatica,collab,2020,Pop,132
1562681,Ariana Grande,Bang Bang,Bang Bang,collab,2014,Pop,132
1562681,Ariana Grande,needy,"thank u, next",solo,2019,Pop,132
1562681,Ariana Grande,Break Free,My Everything,collab,2014,Pop,132
1562681,Ariana Grande,God is a woman,Sweetener,solo,2018,Pop,132
1562681,Ariana Grande,Let Me Love You,Dangerous Woman,collab,2021,Pop,132
1562681,Ariana Grande,"yes, and?","yes, and?",solo,2024,Pop,132
1562681,Ariana Grande,positions,Positions,solo,2020,Pop,132
1562681,Ariana Grande,boyfriend,boyfriend,collab,2019,Pop,132
1562681,Ariana Grande,"break up with your girlfriend, i'm bored","thank u, next",solo,2019,Pop,132
1562681,Ariana Grande,Everyday,Dangerous Woman,collab,2021,Pop,132
1562681,Ariana Grande,bloodline,"thank u, next",solo,2019,Pop,132
1562681,Ariana Grande,34+35,Positions,solo,2020,Pop,132
1562681,Ariana Grande,the boy is mine,eternal sunshine,solo,2024,Pop,132
1562681,Ariana Grande,ghostin,"thank u, next",solo,2019,Pop,132
1562681,Ariana Grande,bye,eternal sunshine,solo,2024,Pop,132
1562681,Ariana Grande,Focus,Focus,solo,2015,Pop,132
1562681,Ariana Grande,Die For You (Remix),Die For You (Remix),collab,2023,R&B,165
1562681,Ariana Grande,breathin,Sweetener,solo,2018,Pop,132
1562681,Ariana Grande,supernatural,eternal sunshine,solo,2024,Pop,132
1562681,Ariana Grande,motive,Positions,collab,2020,Pop,132
1562681,Ariana Grande,Best Mistake,My Everything (Deluxe),collab,2014,Pop,132
1562681,Ariana Grande,My Favorite Part,The Divine Feminine,collab,2016,Rap/Hip Hop,116
1562681,Ariana Grande,Greedy,Dangerous Woman,solo,2021,Pop,132
1562681,Ariana Grande,dandelion,eternal sunshine deluxe: brighter days ahead,solo,2025,Pop,132
1562681,Ariana Grande,pov,Positions,solo,2020,Pop,132
1562681,Ariana Grande,past life,eternal sunshine deluxe: brighter days ahead,solo,2025,Pop,132
1562681,Ariana Grande,Beauty and the Beast,Beauty and the Beast (Original Motion Picture Soundtrack/Deluxe Edition),collab,2017,Films/Games,173
1562681,Ariana Grande,Touch It,Dangerous Woman,solo,2021,Pop,132
1562681,Ariana Grande,warm,eternal sunshine deluxe: brighter days ahead,solo,2025,Pop,132
1562681,Ariana Grande,The Way,Yours Truly,collab,2013,Pop,132
1562681,Ariana Grande,Popular Song,Yours Truly,collab,2013,Pop,132
1562681,Ariana Grande,true story,eternal sunshine,solo,2024,Pop,132
1562681,Ariana Grande,intro (end of the world),eternal sunshine,solo,2024,Pop,132
1562681,Ariana Grande,bad idea,"thank u, next",solo,2019,Pop,132
1562681,Ariana Grande,Don’t Call Me Angel (Charlie’s Angels),Charlie's Angels (Original Motion Picture Soundtrack),collab,2019,Films/Games,173
1562681,Ariana Grande,intro (end of the world) (extended),eternal sunshine deluxe: brighter days ahead,solo,2025,Pop,132
10583405,Bad Bunny,NUEVAYoL,DeBÍ TiRAR MáS FOToS,solo,2025,Latin Music,197
10583405,Bad Bunny,DtMF,DeBÍ TiRAR MáS FOToS,solo,2025,Latin Music,197
10583405,Bad Bunny,Tití Me Preguntó,Un Verano Sin Ti,solo,2022,Latin Music,197
10583405,Bad Bunny,BAILE INoLVIDABLE,DeBÍ TiRAR MáS FOToS,solo,2025,Latin Music,197
10583405,Bad Bunny,DÁKITI,DÁKITI,collab,2020,Latin Music,197
10583405,Bad Bunny,EoO,DeBÍ TiRAR MáS FOToS,solo,2025,Latin Music,197
10583405,Bad Bunny,CAFé CON RON,DeBÍ TiRAR MáS FOToS,collab,2025,Latin Music,197
10583405,Bad Bunny,VOY A LLeVARTE PA PR,DeBÍ TiRAR MáS FOToS,solo,2025,Latin Music,197
10583405,Bad Bunny,MONACO,nadie sabe lo que va a pasar mañana,solo,2023,Latin Music,197
10583405,Bad Bunny,MIA,X 100PRE,collab,2018,Latin Music,197
10583405,Bad Bunny,Qué Pasaría...,Cosa Nuestra,collab,2024,Rap/Hip Hop,116
10583405,Bad Bunny,LO QUE LE PASÓ A HAWAii,DeBÍ TiRAR MáS FOToS,solo,2025,Latin Music,197
10583405,Bad Bunny,LA MuDANZA,DeBÍ TiRAR MáS FOToS,solo,2025,Latin Music,197
10583405,Bad Bunny,WELTiTA,DeBÍ TiRAR MáS FOToS,collab,2025,Latin Music,197
10583405,Bad Bunny,Ojitos Lindos,Un Verano Sin Ti,collab,2022,Latin Music,197
10583405,Bad Bunny,LA NOCHE DE ANOCHE,EL ÚLTIMO TOUR DEL MUNDO,collab,2020,Latin Music,197
10583405,Bad Bunny,Callaita,Un Verano Sin Ti,collab,2022,Latin Music,197
10583405,Bad Bunny,I Like It,Invasion of Privacy,collab,2018,Rap/Hip Hop,116
10583405,Bad Bunny,Me Porto Bonito,Un Verano Sin Ti,collab,2022,Latin Music,197
10583405,Bad Bunny,PERFuMITO NUEVO,DeBÍ TiRAR MáS FOToS,collab,2025,Latin Music,197
10583405,Bad Bunny,VeLDÁ,DeBÍ TiRAR MáS FOToS,collab,2025,Latin Music,197
10583405,Bad Bunny,Moscow Mule,Un Verano Sin Ti,solo,2022,Latin Music,197
10583405,Bad Bunny,EL CLúB,DeBÍ TiRAR MáS FOToS,solo,2025,Latin Music,197
10583405,Bad Bunny,La Romana,X 100PRE,collab,2018,Latin Music,197
10583405,Bad Bunny,LA CANCIÓN,OASIS,collab,2019,Rap/Hip Hop,116
10583405,Bad Bunny,TURiSTA,DeBÍ TiRAR MáS FOToS,solo,2025,Latin Music,197
10583405,Bad Bunny,PIToRRO DE COCO,PIToRRO DE COCO,solo,2024,Latin Music,197
10583405,Bad Bunny,Yo Perreo Sola,YHLQMDLG,solo,2020,Latin Music,197
10583405,Bad Bunny,KETU TeCRÉ,DeBÍ TiRAR MáS FOToS,solo,2025,Latin Music,197
10583405,Bad Bunny,ALAMBRE PúA,ALAMBRE PúA,solo,2025,Latin Music,197
10583405,Bad Bunny,KLOuFRENS,DeBÍ TiRAR MáS FOToS,solo,2025,Latin Music,197
10583405,Bad Bunny,WHERE SHE GOES,nadie sabe lo que va a pasar mañana,solo,2023,Latin Music,197
10583405,Bad Bunny,BOKeTE,DeBÍ TiRAR MáS FOToS,solo,2025,Latin Music,197
10583405,Bad Bunny,Me Fui de Vacaciones,Un Verano Sin Ti,solo,2022,Latin Music,197
10583405,Bad Bunny,Yonaguni,Yonaguni,solo,2021,Latin Music,197
10583405,Bad Bunny,Safaera,YHLQMDLG,collab,2020,Latin Music,197
10583405,Bad Bunny,PERRO NEGRO,nadie sabe lo que va a pasar mañana,collab,2023,Latin Music,197
10583405,Bad Bunny,un x100to,un x100to,collab,2023,Latin Music,197
10583405,Bad Bunny,Mayores,Mayores,collab,2017,Rap/Hip Hop,116
10583405,Bad Bunny,El Apagón,Un Verano Sin Ti,solo,2022,Latin Music,197
10583405,Bad Bunny,Enséñame a Bailar,Un Verano Sin Ti,solo,2022,Latin Music,197
10583405,Bad Bunny,Otro Atardecer,Un Verano Sin Ti,collab,2022,Latin Music,197
10583405,Bad Bunny,Después de la Playa,Un Verano Sin Ti,solo,2022,Latin Music,197
10583405,Bad Bunny,Neverita,Un Verano Sin Ti,solo,2022,Latin Music,197
10583405,Bad Bunny,Yo No Soy Celoso,Un Verano Sin Ti,solo,2022,Latin Music,197
10583405,Bad Bunny,MOJABI GHOST,DATA,collab,2023,Rap/Hip Hop,116
10583405,Bad Bunny,Efecto,Un Verano Sin Ti,solo,2022,Latin Music,197
10583405,Bad Bunny,Andrea,Un Verano Sin Ti,collab,2022,Latin Music,197
10583405,Bad Bunny,La Santa,YHLQMDLG,collab,2020,Latin Music,197
10583405,Bad Bunny,Lo Siento BB:/,Lo Siento BB:/,collab,2021,Rap/Hip Hop,116
5297021,Karol G,Si Antes Te Hubiera Conocido,Si Antes Te Hubiera Conocido,solo,2024,Latin Music,197
5297021,Karol G,Después de ti,Después de ti,collab,2026,Latin Music,197
5297021,Karol G,TQG,MAÑANA SERÁ BONITO,collab,2023,Rap/Hip Hop,116
5297021,Karol G,LATINA FOREVA,Tropicoqueta,solo,2025,Latin Music,197
5297021,Karol G,Tusa,Tusa,collab,2019,Rap/Hip Hop,116
5297021,Karol G,QLONA,MAÑANA SERÁ BONITO (BICHOTA SEASON),collab,2023,Latin Music,197
5297021,Karol G,Papasito,Tropicoqueta,solo,2025,Latin Music,197
5297021,Karol G,Tropicoqueta,Tropicoqueta,solo,2025,Latin Music,197
5297021,Karol G,Viajando Por El Mundo,Tropicoqueta,collab,2025,Latin Music,197
5297021,Karol G,China,China,collab,2019,Latin Music,197
5297021,Karol G,MAMIII,MAMIII,collab,2022,Pop,132
5297021,Karol G,Verano Rosa,Tropicoqueta,collab,2025,Latin Music,197
5297021,Karol G,PROVENZA,PROVENZA,solo,2022,Rap/Hip Hop,116
5297021,Karol G,AMARGURA,MAÑANA SERÁ BONITO,solo,2023,Rap/Hip Hop,116
5297021,Karol G,Ivonny Bonita,Tropicoqueta,solo,2025,Latin Music,197
5297021,Karol G,Un Gatito Me Llamó,Tropicoqueta,solo,2025,Latin Music,197
5297021,Karol G,UNA NOCHE EN MEDELLÍN (REMIX),MAÑANA SERÁ BONITO (BICHOTA SEASON),collab,2023,Latin Music,197
5297021,Karol G,Coleccionando Heridas,Tropicoqueta,collab,2025,Latin Music,197
5297021,Karol G,MIENTRAS ME CURO DEL CORA,MAÑANA SERÁ BONITO,solo,2023,Rap/Hip Hop,116
5297021,Karol G,Caramelo (Remix),Caramelo (Remix),collab,2020,Latin Music,197
5297021,Karol G,GATÚBELA,GATÚBELA,collab,2022,Rap/Hip Hop,116
5297021,Karol G,PERO TÚ,MAÑANA SERÁ BONITO,collab,2023,Rap/Hip Hop,116
5297021,Karol G,EL MAKINON,KG0516,collab,2021,Rap/Hip Hop,116
5297021,Karol G,+57,+57,collab,2024,Latin Music,197
5297021,Karol G,Tá OK (Remix),Tá OK (Remix),collab,2023,Rap/Hip Hop,116
5297021,Karol G,EL BARCO,KG0516,solo,2021,Rap/Hip Hop,116
5297021,Karol G,Bandida Entrenada,Tropicoqueta,solo,2025,Latin Music,197
5297021,Karol G,S91,S91,solo,2023,Latin Music,197
5297021,Karol G,CONTIGO,CONTIGO,collab,2024,Latin Music,197
5297021,Karol G,Amiga Mía,Tropicoqueta,collab,2025,Latin Music,197
5297021,Karol G,Dile Luna,Tropicoqueta,collab,2025,Latin Music,197
5297021,Karol G,Milagros,Milagros,solo,2025,Latin Music,197
5297021,Karol G,Cuando Me Muera Te Olvido,Tropicoqueta,solo,2025,Latin Music,197
5297021,Karol G,CAIRO,MAÑANA SERÁ BONITO,collab,2023,Rap/Hip Hop,116
5297021,Karol G,X SI VOLVEMOS,MAÑANA SERÁ BONITO,collab,2023,Rap/Hip Hop,116
5297021,Karol G,"My Family (from ""The Addams Family"")","My Family (from ""The Addams Family"")",collab,2019,Films/Games,173
5297021,Karol G,GATITA GANGSTER,MAÑANA SERÁ BONITO (BICHOTA SEASON),collab,2023,Latin Music,197
5297021,Karol G,Labios Mordidos,Labios Mordidos,collab,2023,Latin Music,197
5297021,Karol G,Tu Perfume,Tropicoqueta,solo,2025,Latin Music,197
5297021,Karol G,OJOS FERRARI,MAÑANA SERÁ BONITO,collab,2023,Rap/Hip Hop,116
5297021,Karol G,MI EX TENÍA RAZÓN,MAÑANA SERÁ BONITO (BICHOTA SEASON),solo,2023,Latin Music,197
5297021,Karol G,Secreto,Secreto,collab,2019,Rap/Hip Hop,116
5297021,Karol G,FRIKI,FRIKI,collab,2021,Rap/Hip Hop,116
5297021,Karol G,OKI DOKI,MAÑANA SERÁ BONITO (BICHOTA SEASON),solo,2023,Latin Music,197
5297021,Karol G,KÁRMIKA,MAÑANA SERÁ BONITO,collab,2023,Rap/Hip Hop,116
5297021,Karol G,A Su Boca La Amo (Interlude),Tropicoqueta,solo,2025,Latin Music,197
5297021,Karol G,Créeme,Créeme,collab,2018,Rap/Hip Hop,116
5297021,Karol G,SEJODIOTO,SEJODIOTO,solo,2021,Rap/Hip Hop,116
5297021,Karol G,Don't Be Shy,Don't Be Shy,collab,2021,Dance,113
5297021,Karol G,DISPO,MAÑANA SERÁ BONITO (BICHOTA SEASON),collab,2023,Latin Music,197
12029862,Myke Towers,LALA,LA VIDA ES UNA,solo,2023,Rap/Hip Hop,116
12029862,Myke Towers,La Nota,La Nota,collab,2020,Rap/Hip Hop,116
12029862,Myke Towers,5 Estrellas - W Sound 23,5 Estrellas - W Sound 23,collab,2026,Latin Music,197
12029862,Myke Towers,LA FALDA,LVEU: VIVE LA TUYA...NO LA MIA,solo,2023,Rap/Hip Hop,116
12029862,Myke Towers,Caramelo (Remix),Caramelo (Remix),collab,2020,Latin Music,197
12029862,Myke Towers,La Curiosidad,Platonicos,collab,2020,Latin Music,197
12029862,Myke Towers,SOLEAO,SOLEAO,collab,2025,Rap/Hip Hop,116
12029862,Myke Towers,El Cielo,El Cielo,collab,2023,Rap/Hip Hop,116
12029862,Myke Towers,PLAYA DEL INGLÉS,DONDE QUIERO ESTAR,collab,2023,Latin Music,197
12029862,Myke Towers,ADIVINO,LA PANTERA NEGRA (DELUXE),collab,2024,Rap/Hip Hop,116
12029862,Myke Towers,ULALA (OOH LA LA),ULALA (OOH LA LA),collab,2022,Rap/Hip Hop,116
12029862,Myke Towers,DEGENERE (feat. benny blanco),LA PANTERA NEGRA (DELUXE),collab,2024,Rap/Hip Hop,116
12029862,Myke Towers,Bandido,Bandido,collab,2020,Latin Music,197
12029862,Myke Towers,WHAT U NEED? (SexPlaylist 2),POR SI MAÑANA NO ESTOY,collab,2026,Latin Music,197
12029862,Myke Towers,EXPERIMENTO,EXPERIMENTO,solo,2021,Rap/Hip Hop,116
12029862,Myke Towers,Pareja Del Año,Pareja Del Año,collab,2021,Pop,132
12029862,Myke Towers,La Jeepeta (Remix),La Jeepeta (Remix),collab,2020,Latin Music,197
12029862,Myke Towers,Diosa,Easy Money Baby,solo,2020,Latin Music,197
12029862,Myke Towers,Sigue Bailandome,Sigue Bailandome,collab,2018,Rap/Hip Hop,116
12029862,Myke Towers,Si Se Da (Remix),Si Se da Remix,collab,2019,Latin Music,197
12029862,Myke Towers,ILY,ILY,collab,2025,African Music,2
12029862,Myke Towers,La Playa (Remix),La Playa (Remix),collab,2020,Latin Music,197
12029862,Myke Towers,T'as peur,DNK,collab,2023,R&B,165
12029862,Myke Towers,MÓNTATE BABY (feat. De La Rose),LYKE MIIKE (DELUXE),collab,2025,Rap/Hip Hop,116
12029862,Myke Towers,TENGO CELOS,ISLAND BOYZ,solo,2025,Rap/Hip Hop,116
12029862,Myke Towers,TAMBIÉN,LA PANTERA NEGRA,solo,2024,Rap/Hip Hop,116
12029862,Myke Towers,La Curiosidad (Blue Grand Prix Remix),"La Curiosidad (Blue Grand Prix Remix) [feat. Dj Nelson, JHAYCO, Lunay & Kendo Kaponi]",collab,2020,Latin Music,197
12029862,Myke Towers,Dembow y Reggaeton,Dembow y Reggaeton,collab,2019,Pop,132
12029862,Myke Towers,La Playa,La Playa,solo,2019,Latin Music,197
12029862,Myke Towers,La Cama (Remix),La Cama (Remix),collab,2020,Rap/Hip Hop,116
12029862,Myke Towers,Girl,Easy Money Baby,solo,2020,Latin Music,197
12029862,Myke Towers,ALMAS GEMELAS,ALMAS GEMELAS,solo,2021,Rap/Hip Hop,116
12029862,Myke Towers,Mi Niña,Los Legendarios 001,collab,2021,Latin Music,197
12029862,Myke Towers,Tendencia Global,Siempre Blessd,collab,2022,Rap/Hip Hop,116
12029862,Myke Towers,Si Se Da,Si Se Da,collab,2019,Latin Music,197
12029862,Myke Towers,EXPECTATIVAS,EXPECTATIVAS,solo,2025,Rap/Hip Hop,116
12029862,Myke Towers,Bésame,Bésame,collab,2021,Rap/Hip Hop,116
12029862,Myke Towers,Whiskey y Coco,Whiskey y Coco,collab,2023,Rap/Hip Hop,116
12029862,Myke Towers,La Tóxica (feat. Jay Wheeler & Tempo) (Remix),La Tóxica (feat. Jay Wheeler & Tempo) (Remix),collab,2020,Rap/Hip Hop,116
12029862,Myke Towers,MAL DE AMORES,MAL DE AMORES,collab,2025,Rap/Hip Hop,116
12029862,Myke Towers,Tú,Easy Money Baby,solo,2020,Latin Music,197
12029862,Myke Towers,Piensan,Easy Money Baby,solo,2020,Latin Music,197
12029862,Myke Towers,Ajena (with Myke Towers & Dayme y El High),Ajena,collab,2019,Rap/Hip Hop,116
12029862,Myke Towers,LA CAPI,LVEU: VIVE LA TUYA...NO LA MIA,solo,2023,Rap/Hip Hop,116
12029862,Myke Towers,Ponte Pa' Mi,Ponte Pa' Mi,collab,2020,Latin Music,197
12029862,Myke Towers,Extasy,Para Mi Ex,solo,2020,Latin Music,197
12029862,Myke Towers,Nueva Era,AMERI,collab,2024,Latin Music,197
12029862,Myke Towers,Oh Na Na,Oh Na Na,collab,2021,Pop,132
12029862,Myke Towers,Polvo,Polvo,collab,2020,Rap/Hip Hop,116
12029862,Myke Towers,BORRACHO Y LOCO,BORRACHO Y LOCO,collab,2023,Rap/Hip Hop,116
6705223,Quevedo,"Quevedo: Bzrp Music Sessions, Vol. 52/66","Quevedo: Bzrp Music Sessions, Vol. 52/66",collab,2022,Rap/Hip Hop,116
6705223,Quevedo,YO y TÚ,YO y TÚ,collab,2025,Rap/Hip Hop,116
6705223,Quevedo,Mami Chula,Mami Chula,collab,2023,Rap/Hip Hop,116
6705223,Quevedo,PERO TÚ,MAÑANA SERÁ BONITO,collab,2023,Rap/Hip Hop,116
6705223,Quevedo,PUNTO G,PUNTO G,solo,2022,Latin Music,197
6705223,Quevedo,SOLEAO,SOLEAO,collab,2025,Rap/Hip Hop,116
6705223,Quevedo,PLAYA DEL INGLÉS,DONDE QUIERO ESTAR,collab,2023,Latin Music,197
6705223,Quevedo,TUCHAT,TUCHAT,solo,2025,Unknown,Unknown
6705223,Quevedo,NI BORRACHO,NI BORRACHO,solo,2026,Unknown,Unknown
6705223,Quevedo,OA,OA,collab,2023,Latin Music,197
6705223,Quevedo,Columbia,Columbia,solo,2023,Latin Music,197
6705223,Quevedo,SIN SEÑAL,DONDE QUIERO ESTAR,collab,2023,Latin Music,197
6705223,Quevedo,VISTA AL MAR,VISTA AL MAR,solo,2022,Latin Music,197
6705223,Quevedo,SHIBATTO,BUENAS NOCHES,solo,2024,Latin Music,197
6705223,Quevedo,"Cayó La Noche (feat. Cruz Cafuné, Abhir Hathi, Bejo, EL IMA) [Remix]","Cayó La Noche (feat. Cruz Cafuné, Abhir Hathi, Bejo, EL IMA) [Remix]",collab,2022,Unknown,Unknown
6705223,Quevedo,POLARIS (Remix),POLARIS (Remix),collab,2023,Latin Music,197
6705223,Quevedo,APA,PARAÍSO,collab,2022,Latin Music,197
6705223,Quevedo,GRAN VÍA,BUENAS NOCHES,collab,2024,Latin Music,197
6705223,Quevedo,Buenas,Buenas,collab,2023,Latin Music,197
6705223,Quevedo,EL TONTO,EL TONTO,collab,2023,Rap/Hip Hop,116
6705223,Quevedo,Still Luvin,Still Luvin,collab,2025,Pop,132
6705223,Quevedo,Ruina,Ruina,collab,2025,Latin Music,197
6705223,Quevedo,AMANECIÓ,BUENAS NOCHES,collab,2024,Latin Music,197
6705223,Quevedo,My Love,My Love,collab,2023,Latin Music,197
6705223,Quevedo,GANGSTER (PQFNEDG),GANGSTER (PQFNEDG),collab,2023,Rap/Hip Hop,116
6705223,Quevedo,Cayó La Noche,Cayó La Noche,collab,2021,Unknown,Unknown
6705223,Quevedo,CHUOS,LOS DEL GLAMOÜR,collab,2025,Latin Music,197
6705223,Quevedo,En Alta,En Alta,collab,2023,Rap/Hip Hop,116
6705223,Quevedo,QUIZÁS SI QUIZÁS NO,QUIZÁS SI QUIZÁS NO,collab,2023,Rap/Hip Hop,116
6705223,Quevedo,IGUALES,BUENAS NOCHES,solo,2024,Latin Music,197
6705223,Quevedo,CHAPIADORA.COM,BUENAS NOCHES,solo,2024,Latin Music,197
6705223,Quevedo,DAME,DONDE QUIERO ESTAR,collab,2023,Latin Music,197
6705223,Quevedo,LUCES AZULES,DONDE QUIERO ESTAR,solo,2023,Latin Music,197
6705223,Quevedo,Si Quieren Frontear,Si Quieren Frontear,collab,2022,Latin Music,197
6705223,Quevedo,Mi Nena Remix,Mi Nena Remix,collab,2023,R&B,165
6705223,Quevedo,GUAYA,GUAYA,collab,2025,Unknown,Unknown
6705223,Quevedo,ME FALTA ALGO,DONDE QUIERO ESTAR,solo,2023,Latin Music,197
6705223,Quevedo,Los Roques,"Sentimiento, Elegancia y Más Maldad",collab,2023,Latin Music,197
6705223,Quevedo,NO PIENSO LLAMAR,NO PIENSO LLAMAR,collab,2023,Rap/Hip Hop,116
6705223,Quevedo,Ahora y Siempre,Ahora y Siempre,collab,2021,Latin Music,197
6705223,Quevedo,TE FALLÉ,BUENAS NOCHES,collab,2024,Latin Music,197
6705223,Quevedo,MUÑECA,DONDE QUIERO ESTAR,collab,2023,Latin Music,197
6705223,Quevedo,CUÉNTALE,DONDE QUIERO ESTAR,solo,2023,Latin Music,197
6705223,Quevedo,Yatekomo,Yatekomo,collab,2022,Latin Music,197
6705223,Quevedo,Se Mandó a Mudar,2060,collab,2021,Latin Music,197
6705223,Quevedo,ÉRAMOS DOS,DONDE QUIERO ESTAR,solo,2023,Latin Music,197
6705223,Quevedo,Piel de Cordero,Piel de Cordero,collab,2021,Latin Music,197
6705223,Quevedo,EL ESTRIBILLO,BUENAS NOCHES,solo,2024,Latin Music,197
6705223,Quevedo,No Me digas Nada,No Me digas Nada,solo,2020,Latin Music,197
6705223,Quevedo,Rimmel,Rimmel,solo,2021,Latin Music,197
11928391,Aitana,SUPERESTRELLA,CUARTO AZUL,solo,2025,Pop,132
11928391,Aitana,Mon Amour (Remix),Mon Amour (Remix),collab,2021,Pop,132
11928391,Aitana,6 DE FEBRERO,6 DE FEBRERO,solo,2025,Pop,132
11928391,Aitana,DUELE UN MONTÓN DESPEDIRME DE TI,CUARTO AZUL,collab,2025,Pop,132
11928391,Aitana,GRAN VÍA,BUENAS NOCHES,collab,2024,Latin Music,197
11928391,Aitana,Quieres,Quieres,collab,2022,Pop,132
11928391,Aitana,mariposas,mariposas,collab,2022,Pop,132
11928391,Aitana,SEGUNDO INTENTO,SEGUNDO INTENTO,solo,2025,Pop,132
11928391,Aitana,Presiento,Presiento,collab,2019,Pop,132
11928391,Aitana,LAS BABYS,LAS BABYS,solo,2023,Pop,132
11928391,Aitana,+,+,collab,2019,Pop,132
11928391,Aitana,Los Ángeles,Los Ángeles,solo,2023,Pop,132
11928391,Aitana,Si Tú La Quieres,Si Tú La Quieres,collab,2020,Pop,132
11928391,Aitana,Más De Lo Que Aposté,Más De Lo Que Aposté,collab,2020,Pop,132
11928391,Aitana,miamor,miamor,collab,2023,Pop,132
11928391,Aitana,Lo Malo (Remix),Lo Malo (Remix),collab,2018,Rap/Hip Hop,116
554792,Rosalía,La Perla,LUX,collab,2025,Alternative,85
554792,Rosalía,LA FAMA,MOTOMAMI,collab,2022,Pop,132
554792,Rosalía,DESPECHÁ,DESPECHÁ,solo,2022,Pop,132
554792,Rosalía,BESO,RR,collab,2023,Rap/Hip Hop,116
554792,Rosalía,Berghain,Berghain,collab,2025,Alternative,85
554792,Rosalía,LA NOCHE DE ANOCHE,EL ÚLTIMO TOUR DEL MUNDO,collab,2020,Latin Music,197
554792,Rosalía,Reliquia,LUX,solo,2025,Alternative,85
554792,Rosalía,"Sexo, Violencia y Llantas",LUX,solo,2025,Alternative,85
554792,Rosalía,"Yo x Ti, Tu x Mi","Yo x Ti, Tu x Mi",collab,2019,Latin Music,197
554792,Rosalía,Focu 'Ranni,LUX (Complete Works),solo,2026,Alternative,85
554792,Rosalía,Berghain,Berghain (Remix),collab,2026,Alternative,85
554792,Rosalía,Divinize,LUX,solo,2025,Alternative,85
554792,Rosalía,VAMPIROS,RR,collab,2023,Rap/Hip Hop,116
554792,Rosalía,Con Altura (feat. El Guincho),Con Altura (feat. El Guincho),collab,2019,Pop,132
554792,Rosalía,Sauvignon Blanc,LUX,solo,2025,Alternative,85
554792,Rosalía,Dios Es Un Stalker,LUX,solo,2025,Alternative,85
554792,Rosalía,La Rumba Del Perdón,LUX,collab,2025,Alternative,85
554792,Rosalía,Mio Cristo Piange Diamanti,LUX,solo,2025,Alternative,85
554792,Rosalía,Porcelana,LUX,collab,2025,Alternative,85
554792,Rosalía,SAOKO,MOTOMAMI +,solo,2022,Pop,132
554792,Rosalía,De Madrugá,LUX,solo,2025,Alternative,85
554792,Rosalía,La Yugular,LUX,solo,2025,Alternative,85
554792,Rosalía,LLYLM,LLYLM,solo,2023,Pop,132
554792,Rosalía,Magnolias,LUX,solo,2025,Alternative,85
554792,Rosalía,LA COMBI VERSACE,MOTOMAMI +,collab,2022,Pop,132
554792,Rosalía,Mundo Nuevo,LUX,solo,2025,Alternative,85
554792,Rosalía,El Pañuelo,El Pañuelo,collab,2022,Pop,132
554792,Rosalía,Memória,LUX,collab,2025,Alternative,85
554792,Rosalía,Lo Vas A Olvidar,Lo Vas A Olvidar,collab,2021,Pop,132
554792,Rosalía,TKN,TKN,collab,2020,Pop,132
554792,Rosalía,New Woman (feat. ROSALÍA),New Woman (feat. ROSALÍA),collab,2024,Asian Music,16
554792,Rosalía,BIZCOCHITO,MOTOMAMI,solo,2022,Pop,132
554792,Rosalía,TUYA,TUYA,solo,2023,Pop,132
554792,Rosalía,CANDY,MOTOMAMI +,solo,2022,Pop,132
554792,Rosalía,Aute Cuture,Aute Cuture,solo,2019,Pop,132
554792,Rosalía,Linda,Linda,collab,2021,Rap/Hip Hop,116
554792,Rosalía,CANDY (Remix),MOTOMAMI +,collab,2022,Pop,132
554792,Rosalía,Besos Moja2,La Última Misión,collab,2022,Rap/Hip Hop,116
554792,Rosalía,CHICKEN TERIYAKI,MOTOMAMI,solo,2022,Pop,132
554792,Rosalía,Catalina,Los Ángeles,solo,2017,Pop,132
554792,Rosalía,HENTAI,MOTOMAMI +,solo,2022,Pop,132
554792,Rosalía,PROMESA,RR,collab,2023,Rap/Hip Hop,116
554792,Rosalía,BULERÍAS,MOTOMAMI +,solo,2022,Pop,132
554792,Rosalía,DESPECHÁ RMX,DESPECHÁ RMX,collab,2022,Rap/Hip Hop,116
554792,Rosalía,CUUUUuuuuuute,MOTOMAMI +,solo,2022,Pop,132
554792,Rosalía,G3 N15,MOTOMAMI +,solo,2022,Pop,132
554792,Rosalía,DIABLO,MOTOMAMI +,solo,2022,Pop,132
554792,Rosalía,MOTOMAMI,MOTOMAMI,solo,2022,Pop,132
554792,Rosalía,Blinding Lights (Remix),Blinding Lights (Remix),collab,2020,Pop,132
554792,Rosalía,COMO UN G,MOTOMAMI +,solo,2022,Pop,132
111130212,Morad,Sigue,Capítulo 1,collab,2022,Rap/Hip Hop,116
111130212,Morad,Se Grita,Reinsertado,collab,2023,Rap/Hip Hop,116
111130212,Morad,Lamine,Reinsertado 2.0,solo,2025,Latin Music,197
111130212,Morad,Lo Que Tiene,Lo Que Tiene,collab,2024,Soul & Funk,169
111130212,Morad,Soñar,Soñar,solo,2021,Rap/Hip Hop,116
111130212,Morad,FIESTA (feat. Morad),APOCALYPSE,collab,2024,Rap/Hip Hop,116
111130212,Morad,No Estuviste En Lo Malo,Reinsertado,solo,2023,Rap/Hip Hop,116
111130212,Morad,Desespero,Desespero,collab,2023,Rap/Hip Hop,116
111130212,Morad,Cómo Están?,Cómo Están?,collab,2021,Rap/Hip Hop,116
111130212,Morad,Corazón Puro,Corazón Puro,collab,2025,African Music,2
111130212,Morad,Cuando Ella Sale,Cuando Ella Sale,solo,2021,Latin Music,197
111130212,Morad,Cuídate,Reinsertado 2.0,collab,2025,Latin Music,197
111130212,Morad,"Morad: Bzrp Music Sessions, Vol. 47/66","Morad: Bzrp Music Sessions, Vol. 47/66",collab,2021,Rap/Hip Hop,116
111130212,Morad,Sentir,Reinsertado 2.0,collab,2025,Latin Music,197
111130212,Morad,No Money,No Money,solo,2022,Soul & Funk,169
111130212,Morad,Copenhague,Reinsertado 2.0,solo,2025,Latin Music,197
111130212,Morad,Banda,Reinsertado 2.0,collab,2025,Latin Music,197
111130212,Morad,Chula,Reinsertado 2.0,collab,2025,Latin Music,197
111130212,Morad,Perezoso,Reinsertado 2.0,solo,2025,Latin Music,197
2697,Melendi,Destino o casualidad,Destino o casualidad,collab,2018,Pop,132
2697,Melendi,Tu jardín con enanitos,Lágrimas desordenadas,solo,2012,Pop,132
2697,Melendi,Un violinista en tu tejado,Aún Más Curiosa La Cara De Tu Padre,solo,2009,Pop,132
2697,Melendi,Cheque al portamor,Lágrimas desordenadas,solo,2012,Pop,132
2697,Melendi,Déjala Que Baile (with Alejandro Sanz & Arkano),Ahora,collab,2018,Pop,132
2697,Melendi,Tocado y hundido,Tocado y hundido,solo,2014,Pop,132
2697,Melendi,Lágrimas desordenadas,Lágrimas desordenadas,solo,2012,Pop,132
2697,Melendi,Con sólo una sonrisa,Con Sólo Una Sonrisa,solo,2007,Pop,132
2697,Melendi,La Boca Junta,La Boca Junta,collab,2021,Pop,132
2697,Melendi,El Arrepentido,El Arrepentido,collab,2018,Pop,132
2697,Melendi,SI ELLA SUPIERA,SI ELLA SUPIERA,collab,2022,Unknown,Unknown
2697,Melendi,El Único Habitante de tu Piel,Likes y Cicatrices,collab,2021,Unknown,Unknown
2697,Melendi,Barbie de extrarradio,Volvamos a empezar,solo,2010,Pop,132
2697,Melendi,El Ciego,El Ciego,collab,2019,Pop,132
2697,Melendi,Como una vela,Aún Más Curiosa La Cara De Tu Padre,solo,2009,Pop,132
2697,Melendi,Lo Que Nos Merecemos,Ahora,solo,2018,Pop,132
2697,Melendi,Con Solo una Sonrisa,20 Años Sin Noticias,collab,2023,Pop,132
2697,Melendi,Por si las Moscas,Likes y Cicatrices,collab,2021,Unknown,Unknown
2697,Melendi,Himno eventual del Real Oviedo,Himno Eventual Del Real Oviedo,solo,2006,Pop,132
2697,Melendi,Un Recuerdo Que Olvidar,20 Años Sin Noticias,collab,2023,Pop,132
2697,Melendi,Arriba Extremoduro,Mientras No Cueste Trabajo,solo,2006,Pop,132
2697,Melendi,El Nano,El Nano,solo,2008,Pop,132
2792,Enrique Iglesias,El Perdón (with Enrique Iglesias),Fénix,collab,2017,Rap/Hip Hop,116
2792,Enrique Iglesias,SUBEME LA RADIO,FINAL (Vol.1),collab,2021,Pop,132
2792,Enrique Iglesias,DUELE EL CORAZON (feat. Wisin),DUELE EL CORAZON (feat. Wisin),collab,2025,Pop,132
2792,Enrique Iglesias,Bailando (Spanish Version),Greatest Hits,collab,2019,Pop,132
2792,Enrique Iglesias,Tamo Bien,Tamo Bien,collab,2025,Pop,132
2792,Enrique Iglesias,Tired Of Being Sorry (feat. Enrique Iglesias),Electron Libre,collab,2008,R&B,165
2792,Enrique Iglesias,Hero,Escape,solo,2001,Pop,132
2792,Enrique Iglesias,I Like It,Euphoria (Intl 14 track version),collab,2010,Pop,132
2792,Enrique Iglesias,"Bailamos (From ""Wild Wild West"")",Enrique,solo,1999,Pop,132
2792,Enrique Iglesias,EL BAÑO (feat. Bad Bunny),FINAL (Vol.1),collab,2021,Pop,132
2792,Enrique Iglesias,Takin' Back My Love,Greatest Hits,collab,2008,Pop,132
2792,Enrique Iglesias,Tonight (I'm Fuckin' You),Euphoria,collab,2011,Pop,132
2792,Enrique Iglesias,Cuando Me Enamoro,Euphoria (Intl 14 track version),collab,2010,Pop,132
2792,Enrique Iglesias,ME PASE,ME PASE,collab,2021,Pop,132
2792,Enrique Iglesias,All You Need Is Love,Pavarotti & Friends for Cambodia and Tibet,collab,2000,Classical,98
2792,Enrique Iglesias,ASI ES LA VIDA,ASI ES LA VIDA,collab,2023,Pop,132
2792,Enrique Iglesias,Experiencia Religiosa,Enrique Iglesias,solo,1995,Pop,132
2792,Enrique Iglesias,Fútbol & Rumba (feat. Enrique Iglesias),Emmanuel,collab,2020,Latin Music,197
2792,Enrique Iglesias,Could I Have This Kiss Forever,Greatest Hits,collab,2019,Pop,132
2792,Enrique Iglesias,Dirty Dancer,Euphoria (Intl 14 track version),collab,2010,Pop,132
2792,Enrique Iglesias,MOVE TO MIAMI,MOVE TO MIAMI,collab,2018,Pop,132
2792,Enrique Iglesias,Por Amarte,Enrique Iglesias,solo,1995,Pop,132
2792,Enrique Iglesias,Nunca Te Olvidaré,Cosas Del Amor,solo,2008,Pop,132
2792,Enrique Iglesias,Nos Fuimos Lejos (feat. El Micha),Nos Fuimos Lejos (feat. El Micha),collab,2018,Rap/Hip Hop,116
2792,Enrique Iglesias,Quizás,Quizás,solo,2002,Pop,132
2792,Enrique Iglesias,You're My #1,Enrique,solo,1999,Pop,132
2792,Enrique Iglesias,Loco,Greatest Hits,collab,2019,Pop,132
2792,Enrique Iglesias,El Perdedor,S** AND LOVE,collab,2014,Pop,132
2792,Enrique Iglesias,Heartbeat,Euphoria,collab,2011,Pop,132
2792,Enrique Iglesias,Si Tú Te Vas,Enrique Iglesias,solo,1995,Pop,132
2792,Enrique Iglesias,Dónde Están Corazón,¿Dónde Están Corazón?,solo,2008,Pop,132
2792,Enrique Iglesias,ASI ES LA VIDA (feat. Descemer Bueno & Omi Hernandez),ASI ES LA VIDA (feat. Descemer Bueno & Omi Hernandez),collab,2024,Pop,132
2792,Enrique Iglesias,Escapar,Escape,solo,2001,Pop,132
2792,Enrique Iglesias,Tired Of Being Sorry,Greatest Hits,solo,2008,Pop,132
2792,Enrique Iglesias,La Botella,FINAL (Vol.2),collab,2024,Pop,132
2792,Enrique Iglesias,No Me Digas Que No,Euphoria,collab,2011,Pop,132
2792,Enrique Iglesias,Finally Found You (Clean Version),Finally Found You,collab,2012,Pop,132
2792,Enrique Iglesias,I'm A Freak,I'm A Freak,collab,2014,Pop,132
2792,Enrique Iglesias,Can You Hear Me,Greatest Hits,solo,2008,Pop,132
2792,Enrique Iglesias,Enamorado Por Primera Vez,Vivir,solo,1997,Pop,132
2792,Enrique Iglesias,PENDEJO,FINAL (Vol.1),solo,2021,Pop,132
2792,Enrique Iglesias,Alguien Soy Yo,Insomniac (Deluxe Edition),solo,2008,Latin Music,197
2792,Enrique Iglesias,Messin' Around (with Enrique Iglesias),Messin' Around (with Enrique Iglesias),collab,2016,Dance,113
2792,Enrique Iglesias,Lloro Por Ti,Lloro Por Ti,solo,2008,Latin Music,197
2792,Enrique Iglesias,I Like How It Feels,I Like How It Feels (Remixes),collab,2011,Pop,132
2792,Enrique Iglesias,Cielito lindo,Pavarotti & Friends for Cambodia and Tibet,collab,2000,Classical,98
2792,Enrique Iglesias,Lalala (Remix),Lalala (Remix),collab,2019,Rap/Hip Hop,116
2792,Enrique Iglesias,One Night Stand,Escape,solo,2001,Pop,132
2792,Enrique Iglesias,Espacio en Tu Corazón,FINAL (Vol.2),solo,2024,Pop,132
2792,Enrique Iglesias,Si Juras Regresar,Enrique Iglesias,solo,1995,Pop,132
70,Juanes,La Camisa Negra,Mi Sangre,solo,2004,Latin Music,197
70,Juanes,A Dios Le Pido,Un Día Normal,solo,2002,Latin Music,197
70,Juanes,Para Tu Amor,Baladas Latinas,solo,2026,Pop,132
70,Juanes,"Y, ¿Si Fuera Ella? (+ Es +)","Y, ¿Si Fuera Ella? (+ Es +)",collab,2017,Pop,132
70,Juanes,Me Enamora,La Vida Es Un Ratico,solo,2007,Latin Music,197
70,Juanes,Muérdeme,Muérdeme,collab,2025,Pop,132
70,Juanes,Besos En Guerra,Besos En Guerra,collab,2017,Pop,132
70,Juanes,Es Por Ti,Un Día Normal,solo,2002,Latin Music,197
70,Juanes,Volverte A Ver,Mi Sangre,solo,2004,Latin Music,197
70,Juanes,Bonita,Bonita,collab,2019,Pop,132
70,Juanes,Nada Valgo Sin Tu Amor,Mi Sangre (Online Deluxe Version Of Mi Sangre),solo,2006,Latin Music,197
70,Juanes,Fotografía,Un Día Normal,collab,2002,Latin Music,197
70,Juanes,Gotas De Agua Dulce,La Vida Es Un Ratico,solo,2007,Latin Music,197
70,Juanes,Querida,Los Dúo (Deluxe),collab,2015,Latin Music,197
70,Juanes,Una Noche Contigo,Una Noche Contigo,solo,2025,Pop,132
70,Juanes,La Paga,Un Día Normal,solo,2002,Latin Music,197
70,Juanes,Tequila,Más Futuro Que Pasado,collab,2019,Pop,132
70,Juanes,Mala Gente,Un Día Normal,solo,2002,Latin Music,197
70,Juanes,Fijate Bien,Fijate Bien,solo,2000,Pop,132
70,Juanes,Yerbatero,This Is The Sound Of...Juanes,solo,2010,Latin Music,197
70,Juanes,Una Flor,Loco De Amor,solo,2014,Pop,132
70,Juanes,Luna,Un Día Normal,solo,2002,Latin Music,197
70,Juanes,Rosario Tijeras,Mi Sangre,solo,2004,Latin Music,197
70,Juanes,Volverte A Ver (MTV Unplugged),Tr3s Presents Juanes MTV Unplugged,solo,2012,Pop,132
70,Juanes,Goodbye For Now,Goodbye For Now,solo,2017,Pop,132
70,Juanes,Tu Guardián,Mi Sangre,solo,2004,Latin Music,197
4902904,Duki,Una Vaina Loca,Una Vaina Loca,collab,2021,Latin Music,197
4902904,Duki,Nueva Era,AMERI,collab,2024,Latin Music,197
4902904,Duki,Loca (Remix),Loca Remix,collab,2018,Latin Music,197
4902904,Duki,Marisola (Remix),Marisola (Remix),collab,2022,Rap/Hip Hop,116
4902904,Duki,Loca,"Loca (feat. Omar Varela, Mykka)",collab,2017,Rap/Hip Hop,116
4902904,Duki,GIVENCHY,GIVENCHY,solo,2022,Rap/Hip Hop,116
4902904,Duki,She Don't Give a Fo,She Don't Give a Fo,collab,2018,Rap/Hip Hop,116
4902904,Duki,Los del Espacio,Los del Espacio,collab,2023,Rap/Hip Hop,116
4902904,Duki,Hablamos Mañana,YHLQMDLG,collab,2020,Latin Music,197
4902904,Duki,2:50 Remix,2:50 Remix,collab,2021,Pop,132
4902904,Duki,Además de Mí (Remix),Además de Mí (Remix),collab,2021,Latin Music,197
4902904,Duki,Rockstar,Rockstar,solo,2018,Rap/Hip Hop,116
4902904,Duki,Sin Frenos,Sauce Boyz 2,collab,2021,Latin Music,197
4902904,Duki,Malbec,Desde el Fin del Mundo,collab,2021,Rap/Hip Hop,116
4902904,Duki,Si Quieren Frontear,Si Quieren Frontear,collab,2022,Latin Music,197
4902904,Duki,como si no importara,como si no importara,collab,2021,Pop,132
4902904,Duki,Hello Cotto,Hello Cotto,solo,2018,Rap/Hip Hop,116
4902904,Duki,Pintao,Desde el Fin del Mundo,collab,2021,Rap/Hip Hop,116
4902904,Duki,Antes de Perderte,Antes de Perderte,solo,2022,Latin Music,197
4902904,Duki,"Duki: Bzrp Music Sessions, Vol. 50/66","Duki: Bzrp Music Sessions, Vol. 50/66",collab,2022,Latin Music,197
4902904,Duki,"No Me Conocen [con DUKI, Rei & Tiago PZK] (Remix)","No Me Conocen (Remix) (Con Duki, Rei & Tiago Pzk)",collab,2021,Latin Music,197
4902904,Duki,Ameri,AMERI,solo,2024,Latin Music,197
4902904,Duki,No Me Llores,No Me Llores,collab,2018,Rap/Hip Hop,116
4902904,Duki,Vida De Rock,AMERI,collab,2024,Latin Music,197
4902904,Duki,Pininfarina (Remix),Pininfarina (Remix),collab,2020,Rap/Hip Hop,116
4902904,Duki,Mala Mía,MAWZ,collab,2021,Rap/Hip Hop,116
4902904,Duki,Fvck Luv,Fvck Luv,collab,2018,Rap/Hip Hop,116
4902904,Duki,3 Estrellas en el Conjunto,3 Estrellas en el Conjunto,collab,2022,Rap/Hip Hop,116
4902904,Duki,NO DA MÁS,EL AFTER DEL AFTER,collab,2023,Latin Music,197
4902904,Duki,Día De Pago,Día De Pago,collab,2021,Rap/Hip Hop,116
4902904,Duki,YaMeFui,YaMeFui,collab,2021,Rap/Hip Hop,116
4902904,Duki,AEROBICO REMIX,AEROBICO REMIX,collab,2023,Rap/Hip Hop,116
4902904,Duki,WACHA,WACHA,collab,2021,Latin Music,197
4902904,Duki,Party en el Barrio,Party en el Barrio,collab,2022,Rap/Hip Hop,116
4902904,Duki,Golfista,Golfista,solo,2025,Latin Music,197
4902904,Duki,Hijo de la Noche,Hijo de la Noche,collab,2018,Rap/Hip Hop,116
4902904,Duki,Sin Culpa (feat.DrefQuila),Sin Culpa (feat. DrefQuila),collab,2018,Rap/Hip Hop,116
4902904,Duki,hARAkiRi,hARAkiRi,collab,2023,Rap/Hip Hop,116
4902904,Duki,Cine,AMERI,solo,2024,Latin Music,197
4902904,Duki,PANAMÁ,PANAMÁ,collab,2021,Rap/Hip Hop,116
4902904,Duki,Alas,Alas,collab,2018,Rap/Hip Hop,116
4902904,Duki,RoCKSTAR 2.0,Antes de Ameri,collab,2023,Latin Music,197
4902904,Duki,Si Me Sobrara el Tiempo,Si Me Sobrara el Tiempo,solo,2023,Rap/Hip Hop,116
4902904,Duki,Alley Oop,Alley Oop,collab,2025,Rap/Hip Hop,116
4902904,Duki,antes de perderte (OG VERSION),Antes de Ameri,solo,2023,Latin Music,197
4902904,Duki,01 dE ENEro,Antes de Ameri,collab,2023,Latin Music,197
4902904,Duki,Barro,Barro,solo,2024,Rap/Hip Hop,116
4902904,Duki,INTERESTELAR,INTERESTELAR,collab,2022,Rap/Hip Hop,116
4902904,Duki,Bailando Te Conocí,Bailando Te Conocí,collab,2021,Latin Music,197
4902904,Duki,JEFES DEL SUDOESTE,Antes de Ameri,solo,2023,Latin Music,197
14343187,María Becerra,Miénteme,Miénteme,collab,2021,Rap/Hip Hop,116
14343187,María Becerra,Qué Más Pues?,Qué Más Pues?,collab,2021,Rap/Hip Hop,116
14343187,María Becerra,QUÉ GANAS DE COMERTE,QUÉ GANAS DE COMERTE,collab,2026,Rap/Hip Hop,116
14343187,María Becerra,Te Espero (feat. Maria Becerra),Te Espero (feat. Maria Becerra),collab,2022,Pop,132
14343187,María Becerra,LA REINA (REMIX),LA REINA (REMIX),collab,2025,Pop,132
14343187,María Becerra,Pa’ Qué Volviste?,Pa’ Qué Volviste?,collab,2024,Latin Music,197
14343187,María Becerra,ASI ES LA VIDA,ASI ES LA VIDA,collab,2023,Pop,132
14343187,María Becerra,Low Key (feat. Humby),Low Key (feat. Humby),collab,2024,Rap/Hip Hop,116
14343187,María Becerra,HASTA QUE ME ENAMORO,HASTA QUE ME ENAMORO,collab,2025,Pop,132
14343187,María Becerra,El Amor de Mi Vida,El Amor de Mi Vida,collab,2023,Unknown,Unknown
14343187,María Becerra,SIN TI,SIN TI,collab,2024,Rap/Hip Hop,116
14343187,María Becerra,Piscina,Piscina,collab,2023,Rap/Hip Hop,116
14343187,María Becerra,Éxtasis,2000,collab,2023,Pop,132
14343187,María Becerra,JOJO,JOJO,collab,2025,Pop,132
14343187,María Becerra,ASI ES LA VIDA (feat. Descemer Bueno & Omi Hernandez),ASI ES LA VIDA (feat. Descemer Bueno & Omi Hernandez),collab,2024,Pop,132
14343187,María Becerra,ADIÓS,LA NENA DE ARGENTINA,solo,2022,Unknown,Unknown
14343187,María Becerra,Entre Nosotros (Remix) [con Nicki Nicole],Entre Nosotros (Remix),collab,2022,Rap/Hip Hop,116
14343187,María Becerra,Marte,Mal De Amores,collab,2022,Pop,132
14343187,María Becerra,Cuando Te Vi | CROSSOVER #5,Cuando Te Vi | CROSSOVER #5,collab,2024,Latin Music,197
14343187,María Becerra,RAMEN PARA DOS,RAMEN PARA DOS,collab,2025,Pop,132
14343187,María Becerra,Los del Espacio,Los del Espacio,collab,2023,Rap/Hip Hop,116
14343187,María Becerra,Berlin,Berlin,collab,2022,Latin Music,197
14343187,María Becerra,ROMÁNTICA,QUIMERA,collab,2025,Pop,132
14343187,María Becerra,AUTOMÁTICO,AUTOMÁTICO,solo,2022,Unknown,Unknown
14343187,María Becerra,OJALÁ,OJALÁ,solo,2022,Unknown,Unknown
14343187,María Becerra,7 VIDAS,7 VIDAS,collab,2025,Pop,132
14343187,María Becerra,Suelta,Suelta,collab,2022,Rap/Hip Hop,116
14343187,María Becerra,PIERDO LA CABEZA,QUIMERA,collab,2025,Pop,132
14343187,María Becerra,HACE CALOR,QUIMERA,collab,2025,Pop,132
14343187,María Becerra,Los Tragos,Los Tragos,collab,2021,Rap/Hip Hop,116
14343187,María Becerra,BOBO,BOBO,collab,2021,Rap/Hip Hop,116
14343187,María Becerra,Wow Wow (feat. Becky G),Wow Wow (feat. Becky G),collab,2021,Unknown,Unknown
14343187,María Becerra,Maléfica,Maléfica,collab,2022,Latin Music,197
14343187,María Becerra,High (Remix),High (Remix),collab,2020,Latin Music,197
14343187,María Becerra,Mentirosa Remix,Mentirosa Remix,collab,2023,Pop,132
14343187,María Becerra,Perfecta (Versión 2023),Hotel Miranda!,collab,2023,Pop,132
14343187,María Becerra,LA NENA DE ARGENTINA,LA NENA DE ARGENTINA,solo,2022,Unknown,Unknown
14343187,María Becerra,5 Pa Las 12,Sr. Santos II Sueños de Grandeza,collab,2025,Latin Music,197
14343187,María Becerra,DISCOTEKA,DISCOTEKA,collab,2022,Rap/Hip Hop,116
14343187,María Becerra,Mal Acostumbrao (con Maria Becerra),Mal Acostumbrao (con Maria Becerra),collab,2021,Pop,132
14343187,María Becerra,FRUTILLA DEL PASTEL,QUIMERA,collab,2025,Pop,132
14343187,María Becerra,Mi Debilidad,Mi Debilidad,solo,2021,Unknown,Unknown
14343187,María Becerra,AGORA,AGORA,solo,2024,Pop,132
14343187,María Becerra,Tranquila,Tranquila,collab,2022,Rap/Hip Hop,116
14343187,María Becerra,Extrañándote,Mustang 65',collab,2023,Rap/Hip Hop,116
14343187,María Becerra,En la Oscuridad,MAWZ,collab,2021,Rap/Hip Hop,116
2252591,Tini Stoessel,WE PRAY (TINI Version),WE PRAY (TINI Version),collab,2024,Alternative,85
2252591,Tini Stoessel,Miénteme,Miénteme,collab,2021,Rap/Hip Hop,116
2252591,Tini Stoessel,WE PRAY (TWICE Version),WE PRAY (TWICE Version),collab,2025,Alternative,85
2252591,Tini Stoessel,blackout ?,blackout ?,collab,2025,Pop,132
2252591,Tini Stoessel,Universidad,Universidad,collab,2025,Alternative,85
2252591,Tini Stoessel,Vuelve,Vuelve,collab,2026,Unknown,Unknown
2252591,Tini Stoessel,La Niña de la Escuela,La Niña,collab,2021,Pop,132
2252591,Tini Stoessel,La Loto,La Loto,collab,2022,Pop,132
2252591,Tini Stoessel,La_Original.mp3,La_Original.mp3,collab,2023,Pop,132
2252591,Tini Stoessel,Una Noche Más,Una Noche Más,solo,2025,African Music,2
2252591,Tini Stoessel,Cupido,Cupido,solo,2023,Pop,132
2252591,Tini Stoessel,Por el Resto de Tu Vida,Forajido EP2,collab,2023,Ranchera,512
2252591,Tini Stoessel,Fantasi,Fantasi,collab,2022,Pop,132
2252591,Tini Stoessel,Me Enteré,Me Enteré,collab,2023,Rap/Hip Hop,116
2252591,Tini Stoessel,HASTA QUE ME ENAMORO,HASTA QUE ME ENAMORO,collab,2025,Pop,132
2252591,Tini Stoessel,Muñecas,Muñecas,collab,2023,Rap/Hip Hop,116
2252591,Tini Stoessel,La Triple T,La Triple T,solo,2022,Pop,132
2252591,Tini Stoessel,Fresa,Fresa,collab,2019,Pop,132
2252591,Tini Stoessel,Oye,TINI TINI TINI,collab,2020,Pop,132
2252591,Tini Stoessel,pa,pa,solo,2024,Alternative,85
2252591,Tini Stoessel,Bar,Bar,collab,2021,Pop,132
2252591,Tini Stoessel,Princesa,Quiero Volver,collab,2018,Pop,132
2252591,Tini Stoessel,Lágrimas | CROSSOVER #4,Lágrimas | CROSSOVER #4,collab,2023,Latin Music,197
2252591,Tini Stoessel,Tú no me conoces,@dannocean,collab,2022,Pop,132
2252591,Tini Stoessel,Me Gusta,Me Gusta,collab,2025,Pop,132
2252591,Tini Stoessel,2:50 Remix,2:50 Remix,collab,2021,Pop,132
2252591,Tini Stoessel,Un Beso en Madrid,TINI TINI TINI,collab,2020,Pop,132
2252591,Tini Stoessel,Wild,Blue,collab,2018,Dance,113
2252591,Tini Stoessel,Quiero Volver,Quiero Volver,collab,2018,Pop,132
2252591,Tini Stoessel,22,TINI TINI TINI,collab,2020,Pop,132
2252591,Tini Stoessel,Maldita Foto,Maldita Foto,collab,2021,Pop,132
2252591,Tini Stoessel,Te Creo,Violetta,solo,2013,Pop,132
2252591,Tini Stoessel,AGUA,BAÑO MARÍA,collab,2024,Rap/Hip Hop,116
2252591,Tini Stoessel,High (Remix),High (Remix),collab,2020,Latin Music,197
2252591,Tini Stoessel,Suéltame,AGUILERA,collab,2022,Pop,132
2252591,Tini Stoessel,Bésame (I Need You),Bésame (I Need You),collab,2020,Pop,132
13299379,Nicki Nicole,blackout ?,blackout ?,collab,2025,Pop,132
13299379,Nicki Nicole,Una Foto Remix (feat. Emilia),Una Foto Remix (feat. Emilia),collab,2024,Unknown,Unknown
13299379,Nicki Nicole,Otra Noche,Otra Noche,collab,2021,Unknown,Unknown
13299379,Nicki Nicole,Marisola (Remix),Marisola (Remix),collab,2022,Rap/Hip Hop,116
13299379,Nicki Nicole,Entre Nosotros (Remix) [con Nicki Nicole],Entre Nosotros (Remix),collab,2022,Rap/Hip Hop,116
13299379,Nicki Nicole,8 AM,ALMA,collab,2023,Rap/Hip Hop,116
13299379,Nicki Nicole,Ojos Verdes,Ojos Verdes,solo,2024,Pop,132
13299379,Nicki Nicole,DISPARA ***,DISPARA ***,collab,2023,Rap/Hip Hop,116
13299379,Nicki Nicole,DOCTOR,DOCTOR,collab,2024,Pop,132
13299379,Nicki Nicole,Plegarias,Recuerdos,collab,2019,Pop,132
13299379,Nicki Nicole,"Nicki Nicole: Bzrp Music Sessions, Vol. 13/66","Nicki Nicole: Bzrp Music Sessions, Vol. 13/66",collab,2019,Rap/Hip Hop,116
13299379,Nicki Nicole,Pa Mis Muchachas (feat. NATHY PELUSO),La Fuerza,collab,2022,Pop,132
13299379,Nicki Nicole,qué le pasa conmigo?,qué le pasa conmigo?,collab,2023,Rap/Hip Hop,116
13299379,Nicki Nicole,intoxicao,intoxicao,collab,2022,Pop,132
13299379,Nicki Nicole,Wapo Traketero,Wapo Traketero,solo,2019,Rap/Hip Hop,116
13299379,Nicki Nicole,MASNA REMIX,MASNA REMIX,collab,2025,Rap/Hip Hop,116
13299379,Nicki Nicole,Verte,Verte,collab,2020,Rap/Hip Hop,116
13299379,Nicki Nicole,Enamórate,Enamórate,collab,2023,Rap/Hip Hop,116
13299379,Nicki Nicole,ALUMBRE,111,collab,2023,Latin Music,197
13299379,Nicki Nicole,YaMeFui,YaMeFui,collab,2021,Rap/Hip Hop,116
13299379,Nicki Nicole,Frío,Frío,solo,2022,Rap/Hip Hop,116
13299379,Nicki Nicole,Boquitas Pintadas (feat. Nicki Nicole),El Regreso,collab,2025,Pop,132
13299379,Nicki Nicole,Toa la Vida,Toa la Vida,collab,2021,Rap/Hip Hop,116
13299379,Nicki Nicole,CAEN LAS ESTRELLAS,ALMA,collab,2023,Rap/Hip Hop,116
13299379,Nicki Nicole,Cristal,Latina En Casa,collab,2026,Latin Music,197
13299379,Nicki Nicole,FORTY,FORTY,solo,2024,Rap/Hip Hop,116
12268072,Cazzu,Con otra,Con otra,solo,2025,Latin Music,197
12268072,Cazzu,Nada,Error 93,collab,2019,Latin Music,197
12268072,Cazzu,Loca,"Loca (feat. Omar Varela, Mykka)",collab,2017,Rap/Hip Hop,116
12268072,Cazzu,Brinca,Brinca,collab,2023,Latin Music,197
12268072,Cazzu,DOLCE,DOLCE,solo,2025,Latin Music,197
12268072,Cazzu,Otro Como Tú,Otro Como Tú,solo,2025,Latin Music,197
12268072,Cazzu,Mucha Data,Error 93,solo,2019,Latin Music,197
12268072,Cazzu,Las Nenas (feat. La Duraca),Las Nenas (feat. La Duraca),collab,2025,Rap/Hip Hop,116
12268072,Cazzu,Me Tocó Perder,Latinaje,solo,2025,Latin Music,197
12268072,Cazzu,Deportivo,Deportivo,collab,2020,Rap/Hip Hop,116
12268072,Cazzu,Gatita Gangster,Gatita Gangster,collab,2020,Rap/Hip Hop,116
12268072,Cazzu,Maléfica,Maléfica,collab,2022,Latin Music,197
12268072,Cazzu,R.i.p,Maldade$,solo,2017,Rap/Hip Hop,116
12268072,Cazzu,Bounce,Bonus Trap,solo,2020,Rap/Hip Hop,116
12268072,Cazzu,Peli-Culeo (Remix),Peli-Culeo (Remix),collab,2023,Latin Music,197
12268072,Cazzu,Miedo,Una Niña Inútil,solo,2020,Rap/Hip Hop,116
12268072,Cazzu,"Cazzu: Bzrp Music Sessions, Vol. 32/66","Cazzu: Bzrp Music Sessions, Vol. 32/66",collab,2020,Latin Music,197
12268072,Cazzu,Jujuy Estrellado,Jujuy Estrellado,solo,2026,Latin Music,197
12268072,Cazzu,Engreído,Latinaje,collab,2025,Latin Music,197
12268072,Cazzu,Me Prefiere A Mi,Bonus Trap,collab,2020,Rap/Hip Hop,116
12268072,Cazzu,La Trampa,Nena Trampa,solo,2022,Latin Music,197
5181388,Lali,MEJOR QUE VOS,MEJOR QUE VOS,collab,2025,Pop,132
5181388,Lali,Nochentera - Remix,Nochentera - Remix,collab,2023,Unknown,Unknown
5181388,Lali,Yo Te Diré,Yo Te Diré,collab,2023,Pop,132
5181388,Lali,Sin Querer Queriendo (feat. Mau y Ricky),Brava,collab,2018,Pop,132
5181388,Lali,Lindo Pero Bruto,Valiente,collab,2018,Pop,132
5181388,Lali,Como Así (feat. CNCO),Como Así (feat. CNCO),collab,2019,Pop,132
5181388,Lali,N5,N5,solo,2022,Pop,132
5181388,Lali,Bailo Pa Mí - Reggaeton Acústico,Bailo Pa Mí - Reggaeton Acústico,solo,2021,Pop,132
5181388,Lali,2 Son 3,2 Son 3,solo,2022,Pop,132
5181388,Lali,Obsesión,LALI,solo,2023,Pop,132
12637039,Paulo Londra,Adan y Eva,Homerun,solo,2019,Rap/Hip Hop,116
12637039,Paulo Londra,Cuando Te Besé,Cuando Te Besé,collab,2018,Rap/Hip Hop,116
12637039,Paulo Londra,Tal Vez,Tal Vez,solo,2019,Rap/Hip Hop,116
12637039,Paulo Londra,Te Amo,Te Amo,collab,2018,Rap/Hip Hop,116
12637039,Paulo Londra,Nena Maldición (feat. Lenny Tavárez),Nena Maldición (feat. Lenny Tavárez),collab,2018,Rap/Hip Hop,116
12637039,Paulo Londra,RAMEN PARA DOS,RAMEN PARA DOS,collab,2025,Pop,132
12637039,Paulo Londra,Plan A,Plan A,solo,2022,Rap/Hip Hop,116
12637039,Paulo Londra,Por Eso Vine,Homerun,solo,2019,Rap/Hip Hop,116
12637039,Paulo Londra,Solo Pienso En Ti (feat. De La Ghetto & Justin Quiles),Homerun,collab,2019,Rap/Hip Hop,116
12637039,Paulo Londra,Nublado,Nublado,solo,2022,Rap/Hip Hop,116
12637039,Paulo Londra,Chica Paranormal,Homerun,solo,2019,Rap/Hip Hop,116
12637039,Paulo Londra,Homerun (Intro),Homerun,solo,2019,Rap/Hip Hop,116
12637039,Paulo Londra,Me Tiene Mal,Me Tiene Mal,solo,2017,Rap/Hip Hop,116
12637039,Paulo Londra,Querido Amigo,Homerun,solo,2019,Rap/Hip Hop,116
12637039,Paulo Londra,Chica Paranormal,Chica Paranormal,solo,2018,Rap/Hip Hop,116
12637039,Paulo Londra,Flashbacks | CROSSOVER #9,Flashbacks | CROSSOVER #9,collab,2025,Latin Music,197
12637039,Paulo Londra,Forever Alone,Forever Alone,solo,2019,Rap/Hip Hop,116
12637039,Paulo Londra,Maldita Abusadora,Homerun,solo,2019,Rap/Hip Hop,116
12637039,Paulo Londra,Recién Soltera,Recién Soltera,solo,2024,Latin Music,197
12637039,Paulo Londra,Protagonista,Protagonista,collab,2024,Unknown,Unknown
12637039,Paulo Londra,Mujer Maravilla,Mujer Maravilla,solo,2025,Latin Music,197
12637039,Paulo Londra,Demasiado Loco,Homerun,solo,2019,Rap/Hip Hop,116
12637039,Paulo Londra,Cámara Lenta,Cámara Lenta,solo,2017,Rap/Hip Hop,116
12637039,Paulo Londra,Party (feat. A Boogie Wit da Hoodie),Party (feat. A Boogie Wit da Hoodie),collab,2019,Rap/Hip Hop,116
12637039,Paulo Londra,A Veces,A Veces,collab,2022,Rap/Hip Hop,116
12637039,Paulo Londra,Julieta,Julieta,solo,2022,Rap/Hip Hop,116
12637039,Paulo Londra,NANAENA,NANAENA,collab,2025,Latin Music,197
12637039,Paulo Londra,Chance,Chance,solo,2022,Rap/Hip Hop,116
12637039,Paulo Londra,Paracaídas,Paracaídas,solo,2024,Latin Music,197
12637039,Paulo Londra,Party en el Barrio,Party en el Barrio,collab,2022,Rap/Hip Hop,116
12637039,Paulo Londra,1%,1%,collab,2025,Rap/Hip Hop,116
12637039,Paulo Londra,Ella,Back To The Game,solo,2022,Rap/Hip Hop,116
12637039,Paulo Londra,Noche de Novela,Noche de Novela,collab,2022,Rap/Hip Hop,116
12637039,Paulo Londra,Que Hicimo',Que Hicimo',collab,2024,Latin Music,197
12637039,Paulo Londra,Posdata:,Posdata:,solo,2024,Latin Music,197
12637039,Paulo Londra,A200 (Remix),A200 (Remix),collab,2025,Unknown,Unknown
12637039,Paulo Londra,Luna Llena,Luna Llena,solo,2017,Rap/Hip Hop,116
12637039,Paulo Londra,Relax,Relax,solo,2017,Rap/Hip Hop,116
12637039,Paulo Londra,GLAMPING,VERSUS,solo,2025,Latin Music,197
12637039,Paulo Londra,SIN CADENAS,VERSUS,solo,2025,Latin Music,197
12637039,Paulo Londra,PVSL,VERSUS,solo,2025,Latin Music,197
12637039,Paulo Londra,Por Deporte,Back To The Game,solo,2022,Rap/Hip Hop,116
12637039,Paulo Londra,Confiado y Tranquilo,Confiado y Tranquilo,solo,2017,Rap/Hip Hop,116
12637039,Paulo Londra,Cansado,Cansado,collab,2022,Rap/Hip Hop,116
12637039,Paulo Londra,Por Lo Mio,Por Lo Mio,solo,2017,Rap/Hip Hop,116
12637039,Paulo Londra,Chango,Back To The Game,solo,2022,Rap/Hip Hop,116
12637039,Paulo Londra,Está Bien,Está Bien,collab,2017,Rap/Hip Hop,116
12637039,Paulo Londra,Toc Toc,Back To The Game,collab,2022,Rap/Hip Hop,116
160,Shakira,"Zoo (From ""Zootopia 2"")","Zoo (From ""Zootopia 2"")",collab,2025,Films/Games,173
160,Shakira,ALGO TÚ,ALGO TÚ,collab,2026,Pop,132
160,Shakira,Hips Don't Lie,Anniversary | Oral Fixation (20th) and Pies Descalzos (30th) LIVE,collab,2025,Pop,132
160,Shakira,TQG,MAÑANA SERÁ BONITO,collab,2023,Rap/Hip Hop,116
160,Shakira,Chantaje (feat. Maluma),El Dorado,collab,2017,Pop,132
160,Shakira,GIRL LIKE ME,TRANSLATION,collab,2020,Pop,132
160,Shakira,"Whenever, Wherever",Laundry Service,solo,2001,Latin Music,197
160,Shakira,Choka Choka,Choka Choka,collab,2026,Latin Music,197
160,Shakira,Try Everything,Zootopia (Original Motion Picture Soundtrack / Japanese version),solo,2018,Films/Games,173
160,Shakira,Beautiful Liar,Beautiful Liar,collab,2007,R&B,165
160,Shakira,Loca (feat. El Cata),Sale el Sol,collab,2010,Pop,132
160,Shakira,La Tortura (feat. Alejandro Sanz),Fijación Oral Volumen 1,collab,2005,Pop,132
160,Shakira,Can't Remember to Forget You (feat. Rihanna),Shakira. (Expanded Edition) (Spanish Version),collab,2014,Alternative,85
160,Shakira,DON'T YOU WORRY,DON'T YOU WORRY,collab,2022,Dance,113
160,Shakira,"Shakira: Bzrp Music Sessions, Vol. 53/66","Shakira: Bzrp Music Sessions, Vol. 53/66",collab,2023,Latin Music,197
160,Shakira,Loba,She Wolf (Expanded Edition),solo,2009,Rock,152
160,Shakira,Soltera,Soltera,solo,2024,Pop,132
160,Shakira,Te Felicito,Te Felicito,collab,2022,Rap/Hip Hop,116
160,Shakira,Hips Don't Lie (feat. Wyclef Jean),Filtr presents R&B Party,collab,2014,R&B,165
160,Shakira,La Bicicleta,VIVES,collab,2017,Latin Music,197
160,Shakira,Rabiosa (feat. El Cata),Sale el Sol,collab,2010,Pop,132
160,Shakira,Addicted to You,Sale el Sol,solo,2010,Pop,132
160,Shakira,Acróstico (Milan + Sasha),Acróstico (Milan + Sasha),solo,2023,Pop,132
160,Shakira,Monotonía,Monotonía,collab,2022,Rap/Hip Hop,116
160,Shakira,Dare (La La La),Shakira. (Expanded Edition),solo,2014,Pop,132
160,Shakira,Je l'aime à mourir (Live from Paris),Live From Paris,solo,2011,Pop,132
160,Shakira,Clandestino,Clandestino,collab,2018,Pop,132
160,Shakira,Waka Waka (Esto Es Africa) (K-Mix),Sale el Sol,solo,2010,Pop,132
160,Shakira,Don't Wait Up,Don't Wait Up,solo,2024,Dance,113
160,Shakira,"Te Aviso, Te Anuncio (Tango)",Laundry Service,solo,2001,Latin Music,197
160,Shakira,Me Enamoré,El Dorado,solo,2017,Pop,132
160,Shakira,Estoy Aquí,Pies Descalzos,solo,1995,Latin Music,197
160,Shakira,Perro Fiel (feat. Nicky Jam),El Dorado,collab,2017,Pop,132
160,Shakira,Waka Waka (This Time for Africa) (feat. Freshlyground),Party Hits: Summer Edition,collab,2013,Pop,132
160,Shakira,Me Gusta,Me Gusta,collab,2020,Rap/Hip Hop,116
160,Shakira,Puntería,Las Mujeres Ya No Lloran,collab,2024,Pop,132
160,Shakira,Antología,Pies Descalzos,solo,1995,Latin Music,197
160,Shakira,ALGO TÚ,ALGO TÚ,collab,2026,Unknown,Unknown
160,Shakira,Underneath Your Clothes,Laundry Service,solo,2001,Latin Music,197
160,Shakira,Ojos Así,Grandes Exitos,solo,2002,Latin Music,197
160,Shakira,Copa Vacía,Copa Vacía,collab,2023,Latin Music,197
160,Shakira,Deja vu,FIVE (Deluxe Edition),collab,2017,Latin Music,197
160,Shakira,Loca (feat. Dizzee Rascal),Sale el Sol,collab,2010,Pop,132
160,Shakira,Inevitable,Grandes Exitos,solo,2002,Latin Music,197
160,Shakira,Dia de Enero,Románticas en Español,solo,2024,Latin Music,197
160,Shakira,"Ciega, Sordomuda",Grandes Exitos,solo,2002,Latin Music,197
160,Shakira,La Fuerte,Las Mujeres Ya No Lloran,collab,2024,Pop,132
160,Shakira,Zoo,"Zoo (From ""Zootopia 2""/Japanese Single Version)",collab,2025,Films/Games,173
160,Shakira,Tutu,Por Primera Vez,collab,2020,Pop,132
160,Shakira,El Jefe,El Jefe,collab,2023,Pop,132
12487862,Bizarrap,"Daddy Yankee: Bzrp Music Sessions, Vol. 0/66","Daddy Yankee: Bzrp Music Sessions, Vol. 0/66",collab,2025,Latin Music,197
12487862,Bizarrap,"Quevedo: Bzrp Music Sessions, Vol. 52/66","Quevedo: Bzrp Music Sessions, Vol. 52/66",collab,2022,Rap/Hip Hop,116
12487862,Bizarrap,"Shakira: Bzrp Music Sessions, Vol. 53/66","Shakira: Bzrp Music Sessions, Vol. 53/66",collab,2023,Latin Music,197
12487862,Bizarrap,BABY HELLO,BABY HELLO,collab,2023,Latin Music,197
12487862,Bizarrap,"Morad: Bzrp Music Sessions, Vol. 47/66","Morad: Bzrp Music Sessions, Vol. 47/66",collab,2021,Rap/Hip Hop,116
12487862,Bizarrap,"J Balvin: Bzrp Music Sessions, Vol. 62/66","J Balvin: Bzrp Music Sessions, Vol. 62/66",collab,2025,Latin Music,197
12487862,Bizarrap,La Fuerte,Las Mujeres Ya No Lloran,collab,2024,Pop,132
12487862,Bizarrap,"Rauw Alejandro: Bzrp Music Sessions, Vol. 56/66","Rauw Alejandro: Bzrp Music Sessions, Vol. 56/66",collab,2023,Latin Music,197
12487862,Bizarrap,"Young Miko: Bzrp Music Sessions, Vol. 58/66","Young Miko: Bzrp Music Sessions, Vol. 58/66",collab,2024,Latin Music,197
12487862,Bizarrap,"Villano Antillano: Bzrp Music Sessions, Vol. 51/66","Villano Antillano: Bzrp Music Sessions, Vol. 51/66",collab,2022,Electro,106
12487862,Bizarrap,"Milo J: Bzrp Music Sessions, Vol. 57/66","Milo J: Bzrp Music Sessions, Vol. 57/66",collab,2023,Latin Music,197
12487862,Bizarrap,"Nathy Peluso: Bzrp Music Sessions, Vol. 36/66","Nathy Peluso: Bzrp Music Sessions, Vol. 36/66",collab,2020,Rap/Hip Hop,116
12487862,Bizarrap,"Peso Pluma: Bzrp Music Sessions, Vol. 55/66","Peso Pluma: Bzrp Music Sessions, Vol. 55/66",collab,2023,Unknown,Unknown
12487862,Bizarrap,Entre las de 20,Entre las de 20,collab,2024,Latin Music,197
12487862,Bizarrap,"Ptazeta: Bzrp Music Sessions, Vol. 45/66","Ptazeta: Bzrp Music Sessions, Vol. 45/66",collab,2021,Rap/Hip Hop,116
12487862,Bizarrap,"Orange County (feat. Bizarrap, Kara Jackson and Anoushka Shankar) (BZRP Radio Mix)","The Hardest Thing (feat. Tony Allen) / Orange County (feat. Bizarrap, Kara Jackson and Anoushka Shankar)",collab,2026,Alternative,85
12487862,Bizarrap,No soy Eterno,en dormir sin Madrid,collab,2023,Latin Music,197
12487862,Bizarrap,Fruto,en dormir sin Madrid,collab,2023,Latin Music,197
12487862,Bizarrap,"Arcángel: Bzrp Music Sessions, Vol. 54/66","Arcángel: Bzrp Music Sessions, Vol. 54/66",collab,2023,Rap/Hip Hop,116
12487862,Bizarrap,"Luck Ra: Bzrp Music Sessions, Vol. 61/66","Luck Ra: Bzrp Music Sessions, Vol. 61/66",collab,2024,Latin Music,197
12487862,Bizarrap,"Natanael Cano: Bzrp Music Sessions, Vol. 59/66","Natanael Cano: Bzrp Music Sessions, Vol. 59/66",collab,2024,Latin Music,197
12487862,Bizarrap,"Tiago PZK: Bzrp Music Sessions, Vol. 48/66","Tiago PZK: Bzrp Music Sessions, Vol. 48/66",collab,2021,Latin Music,197
12487862,Bizarrap,Quédate (Tiësto Remix),Quédate (Tiësto Remix),collab,2022,Electro,106
12487862,Bizarrap,"Snow Tha Product: Bzrp Music Sessions, Vol. 39/66","Snow Tha Product: Bzrp Music Sessions, Vol. 39/66",collab,2021,Rap/Hip Hop,116
12487862,Bizarrap,"L-Gante: Bzrp Music Sessions, Vol. 38/66","L-Gante: Bzrp Music Sessions, Vol. 38/66",collab,2021,Latin Music,197
12487862,Bizarrap,"MHD: Bzrp Music Sessions, Vol. 44/66","MHD: Bzrp Music Sessions, Vol. 44/66",collab,2021,Rap/Hip Hop,116
12487862,Bizarrap,"Paulo Londra: Bzrp Music Sessions, Vol. 23/66","Paulo Londra: Bzrp Music Sessions, Vol. 23/66",collab,2022,Latin Music,197
12487862,Bizarrap,"Aleman: Bzrp Music Sessions, Vol. 15/66","Aleman: Bzrp Music Sessions, Vol. 15/66",collab,2019,Latin Music,197
12487862,Bizarrap,"Eladio Carrion: Bzrp Music Sessions, Vol. 40/66","Eladio Carrion: Bzrp Music Sessions, Vol. 40/66",collab,2021,Rap/Hip Hop,116
12487862,Bizarrap,Toy en el Mic,en dormir sin Madrid,collab,2023,Latin Music,197
12487862,Bizarrap,"Residente: Bzrp Music Sessions, Vol. 49/66","Residente: Bzrp Music Sessions, Vol. 49/66",collab,2022,Rap/Hip Hop,116
12487862,Bizarrap,"Nicky Jam: Bzrp Music Sessions, Vol. 41/66","Nicky Jam: Bzrp Music Sessions, Vol. 41/66",collab,2021,Latin Music,197
12487862,Bizarrap,Penas de Antaño,en dormir sin Madrid,collab,2023,Latin Music,197
12487862,Bizarrap,Sin Frenos,Sauce Boyz 2,collab,2021,Latin Music,197
12487862,Bizarrap,Plegarias,Recuerdos,collab,2019,Pop,132
12487862,Bizarrap,"Nicki Nicole: Bzrp Music Sessions, Vol. 13/66","Nicki Nicole: Bzrp Music Sessions, Vol. 13/66",collab,2019,Rap/Hip Hop,116
12487862,Bizarrap,Malbec,Desde el Fin del Mundo,collab,2021,Rap/Hip Hop,116
12487862,Bizarrap,"Duki: Bzrp Music Sessions, Vol. 50/66","Duki: Bzrp Music Sessions, Vol. 50/66",collab,2022,Latin Music,197
12487862,Bizarrap,Verte,Verte,collab,2020,Rap/Hip Hop,116
12487862,Bizarrap,"Cazzu: Bzrp Music Sessions, Vol. 32/66","Cazzu: Bzrp Music Sessions, Vol. 32/66",collab,2020,Latin Music,197
12487862,Bizarrap,"Anuel AA: Bzrp Music Sessions, Vol. 46/66","Anuel AA: Bzrp Music Sessions, Vol. 46/66",collab,2021,Latin Music,197
12487862,Bizarrap,3 Estrellas en el Conjunto,3 Estrellas en el Conjunto,collab,2022,Rap/Hip Hop,116
12487862,Bizarrap,YaMeFui,YaMeFui,collab,2021,Rap/Hip Hop,116
12487862,Bizarrap,"C.R.O: Bzrp Music Sessions, Vol. 29/66","C.R.O: Bzrp Music Sessions, Vol. 29/66",collab,2020,Latin Music,197
12487862,Bizarrap,"Trueno: Bzrp Freestyle Sessions, Vol. 6","Trueno: Bzrp Freestyle Sessions, Vol. 6",collab,2019,Latin Music,197
12487862,Bizarrap,"KHEA: Bzrp Music Sessions, Vol. 34/66","KHEA: Bzrp Music Sessions, Vol. 34/66",collab,2020,Latin Music,197
12487862,Bizarrap,Pinta,Pinta,collab,2022,Latin Music,197
12487862,Bizarrap,"Zaramay: Bzrp Music Sessions, Vol. 31/66","Zaramay: Bzrp Music Sessions, Vol. 31/66",collab,2020,Latin Music,197
12487862,Bizarrap,"Paco Amoroso: Bzrp Music Sessions, Vol. 3/66","Paco Amoroso: Bzrp Music Sessions, Vol. 3/66",collab,2019,Latin Music,197
12487862,Bizarrap,"Chucky73: Bzrp Music Sessions, Vol. 43/66","Chucky73: Bzrp Music Sessions, Vol. 43/66",collab,2021,Rap/Hip Hop,116
61094422,Emilia,BOTA,BOTA,collab,2026,Soul & Funk,169
61094422,Emilia,JETSKI - Remix,JETSKI - Remix,collab,2026,Rap/Hip Hop,116
61094422,Emilia,blackout ?,blackout ?,collab,2025,Pop,132
61094422,Emilia,Alegría,GOTTI A,collab,2024,Rap/Hip Hop,116
61094422,Emilia,La_Original.mp3,La_Original.mp3,collab,2023,Pop,132
61094422,Emilia,"Perdonarte, ¿Para Qué?","Perdonarte, ¿Para Qué?",collab,2024,Latin Music,197
61094422,Emilia,Quieres,Quieres,collab,2022,Pop,132
61094422,Emilia,CARITA TRISTE,CARITA TRISTE,collab,2024,Pop,132
61094422,Emilia,Los del Espacio,Los del Espacio,collab,2023,Rap/Hip Hop,116
61094422,Emilia,como si no importara,como si no importara,collab,2021,Pop,132
61094422,Emilia,intoxicao,intoxicao,collab,2022,Pop,132
61094422,Emilia,MASNA REMIX,MASNA REMIX,collab,2025,Rap/Hip Hop,116
61094422,Emilia,Genio Atrapado,Genio Atrapado,solo,2025,Pop,132
61094422,Emilia,cuatro veinte,cuatro veinte,solo,2022,Pop,132
61094422,Emilia,rápido lento,rápido lento,collab,2021,Pop,132
61094422,Emilia,perfectas,perfectas,solo,2025,Pop,132
61094422,Emilia,Vestido Rojo,Vestido Rojo,collab,2025,Rap/Hip Hop,116
61094422,Emilia,Uno los Dos,Uno los Dos,collab,2023,Pop,132
61094422,Emilia,Jagger.mp3,Jagger.mp3,solo,2023,Pop,132
61094422,Emilia,BB,SUENA MYA!,collab,2021,Pop,132
61094422,Emilia,Recalienta,Recalienta,solo,2019,Pop,132
61094422,Emilia,El Plan,El Plan,collab,2022,Latin Music,197
61094422,Emilia,Pal Perreo,Desde el Espacio,collab,2022,Rap/Hip Hop,116
